[2026-09-29 23:37:53] production.ERROR: PHP Parse error: Syntax error, unexpected T_NS_SEPARATOR on line 1 {"exception":"[object] (Psy\\Exception\\ParseErrorException(code: 0): PHP Parse error: Syntax error, unexpected T_NS_SEPARATOR on line 1 at C:/Users/Hotwill GIMANG/Downloads/sarpas.tiksmkn1beringin.my.id/vendor/psy/psysh/src/Exception/ParseErrorException.php:44)
[stacktrace]
#0 C:/Users/Hotwill GIMANG/Downloads/sarpas.tiksmkn1beringin.my.id/vendor/psy/psysh/src/CodeCleaner.php(657): Psy/Exception/ParseErrorException::fromParseError(Object(PhpParser/Error))
#1 C:/Users/Hotwill GIMANG/Downloads/sarpas.tiksmkn1beringin.my.id/vendor/psy/psysh/src/CodeCleaner.php(273): Psy/CodeCleaner->parse('<?php // = App//M...', false)
#2 C:/Users/Hotwill GIMANG/Downloads/sarpas.tiksmkn1beringin.my.id/vendor/psy/psysh/src/Shell.php(1399): Psy/CodeCleaner->clean(Array, false)
#3 C:/Users/Hotwill GIMANG/Downloads/sarpas.tiksmkn1beringin.my.id/vendor/psy/psysh/src/Shell.php(1506): Psy/Shell->appendCode('// = App//Models//...', true, false)
#4 C:/Users/Hotwill GIMANG/Downloads/sarpas.tiksmkn1beringin.my.id/vendor/psy/psysh/src/Shell.php(2215): Psy/Shell->setCode('// = App//Models//...', true)
#5 C:/Users/Hotwill GIMANG/Downloads/sarpas.tiksmkn1beringin.my.id/vendor/laravel/tinker/src/Console/TinkerCommand.php(77): Psy/Shell->execute('// = App//Models//...')
#6 C:/Users/Hotwill GIMANG/Downloads/sarpas.tiksmkn1beringin.my.id/vendor/laravel/framework/src/Illuminate/Container/BoundMethod.php(36): Laravel/Tinker/Console/TinkerCommand->handle()
#7 C:/Users/Hotwill GIMANG/Downloads/sarpas.tiksmkn1beringin.my.id/vendor/laravel/framework/src/Illuminate/Container/Util.php(43): Illuminate/Container/BoundMethod::Illuminate/Container/{closure}()
#8 C:/Users/Hotwill GIMANG/Downloads/sarpas.tiksmkn1beringin.my.id/vendor/laravel/framework/src/Illuminate/Container/BoundMethod.php(95): Illuminate/Container/Util::unwrapIfClosure(Object(Closure))
#9 C:/Users/Hotwill GIMANG/Downloads/sarpas.tiksmkn1beringin.my.id/vendor/laravel/framework/src/Illuminate/Container/BoundMethod.php(35): Illuminate/Container/BoundMethod::callBoundMethod(Object(Illuminate/Foundation/Application), Array, Object(Closure))
#10 C:/Users/Hotwill GIMANG/Downloads/sarpas.tiksmkn1beringin.my.id/vendor/laravel/framework/src/Illuminate/Container/Container.php(696): Illuminate/Container/BoundMethod::call(Object(Illuminate/Foundation/Application), Array, Array, NULL)
#11 C:/Users/Hotwill GIMANG/Downloads/sarpas.tiksmkn1beringin.my.id/vendor/laravel/framework/src/Illuminate/Console/Command.php(213): Illuminate/Container/Container->call(Array)
#12 C:/Users/Hotwill GIMANG/Downloads/sarpas.tiksmkn1beringin.my.id/vendor/symfony/console/Command/Command.php(341): Illuminate/Console/Command->execute(Object(Symfony/Component/Console/Input/ArgvInput), Object(Illuminate/Console/OutputStyle))
#13 C:/Users/Hotwill GIMANG/Downloads/sarpas.tiksmkn1beringin.my.id/vendor/laravel/framework/src/Illuminate/Console/Command.php(182): Symfony/Component/Console/Command/Command->run(Object(Symfony/Component/Console/Input/ArgvInput), Object(Illuminate/Console/OutputStyle))
#14 C:/Users/Hotwill GIMANG/Downloads/sarpas.tiksmkn1beringin.my.id/vendor/symfony/console/Application.php(1117): Illuminate/Console/Command->run(Object(Symfony/Component/Console/Input/ArgvInput), Object(Symfony/Component/Console/Output/ConsoleOutput))
#15 C:/Users/Hotwill GIMANG/Downloads/sarpas.tiksmkn1beringin.my.id/vendor/symfony/console/Application.php(356): Symfony/Component/Console/Application->doRunCommand(Object(Laravel/Tinker/Console/TinkerCommand), Object(Symfony/Component/Console/Input/ArgvInput), Object(Symfony/Component/Console/Output/ConsoleOutput))
#16 C:/Users/Hotwill GIMANG/Downloads/sarpas.tiksmkn1beringin.my.id/vendor/symfony/console/Application.php(195): Symfony/Component/Console/Application->doRun(Object(Symfony/Component/Console/Input/ArgvInput), Object(Symfony/Component/Console/Output/ConsoleOutput))
#17 C:/Users/Hotwill GIMANG/Downloads/sarpas.tiksmkn1beringin.my.id/vendor/laravel/framework/src/Illuminate/Foundation/Console/Kernel.php(198): Symfony/Component/Console/Application->run(Object(Symfony/Component/Console/Input/ArgvInput), Object(Symfony/Component/Console/Output/ConsoleOutput))
#18 C:/Users/Hotwill GIMANG/Downloads/sarpas.tiksmkn1beringin.my.id/vendor/laravel/framework/src/Illuminate/Foundation/Application.php(1235): Illuminate/Foundation/Console/Kernel->handle(Object(Symfony/Component/Console/Input/ArgvInput), Object(Symfony/Component/Console/Output/ConsoleOutput))
#19 C:/Users/Hotwill GIMANG/Downloads/sarpas.tiksmkn1beringin.my.id/artisan(13): Illuminate/Foundation/Application->handleCommand(Object(Symfony/Component/Console/Input/ArgvInput))
#20 {main}
"} 
[2026-09-29 23:38:16] production.ERROR: Unexpected end of input {"exception":"[object] (InvalidArgumentException(code: 0): Unexpected end of input at C:/Users/Hotwill GIMANG/Downloads/sarpas.tiksmkn1beringin.my.id/vendor/psy/psysh/src/Shell.php:1516)
[stacktrace]
#0 C:/Users/Hotwill GIMANG/Downloads/sarpas.tiksmkn1beringin.my.id/vendor/psy/psysh/src/Shell.php(2215): Psy/Shell->setCode('$profil = new A...', true)
#1 C:/Users/Hotwill GIMANG/Downloads/sarpas.tiksmkn1beringin.my.id/vendor/laravel/tinker/src/Console/TinkerCommand.php(77): Psy/Shell->execute('$profil = new A...')
#2 C:/Users/Hotwill GIMANG/Downloads/sarpas.tiksmkn1beringin.my.id/vendor/laravel/framework/src/Illuminate/Container/BoundMethod.php(36): Laravel/Tinker/Console/TinkerCommand->handle()
#3 C:/Users/Hotwill GIMANG/Downloads/sarpas.tiksmkn1beringin.my.id/vendor/laravel/framework/src/Illuminate/Container/Util.php(43): Illuminate/Container/BoundMethod::Illuminate/Container/{closure}()
#4 C:/Users/Hotwill GIMANG/Downloads/sarpas.tiksmkn1beringin.my.id/vendor/laravel/framework/src/Illuminate/Container/BoundMethod.php(95): Illuminate/Container/Util::unwrapIfClosure(Object(Closure))
#5 C:/Users/Hotwill GIMANG/Downloads/sarpas.tiksmkn1beringin.my.id/vendor/laravel/framework/src/Illuminate/Container/BoundMethod.php(35): Illuminate/Container/BoundMethod::callBoundMethod(Object(Illuminate/Foundation/Application), Array, Object(Closure))
#6 C:/Users/Hotwill GIMANG/Downloads/sarpas.tiksmkn1beringin.my.id/vendor/laravel/framework/src/Illuminate/Container/Container.php(696): Illuminate/Container/BoundMethod::call(Object(Illuminate/Foundation/Application), Array, Array, NULL)
#7 C:/Users/Hotwill GIMANG/Downloads/sarpas.tiksmkn1beringin.my.id/vendor/laravel/framework/src/Illuminate/Console/Command.php(213): Illuminate/Container/Container->call(Array)
#8 C:/Users/Hotwill GIMANG/Downloads/sarpas.tiksmkn1beringin.my.id/vendor/symfony/console/Command/Command.php(341): Illuminate/Console/Command->execute(Object(Symfony/Component/Console/Input/ArgvInput), Object(Illuminate/Console/OutputStyle))
#9 C:/Users/Hotwill GIMANG/Downloads/sarpas.tiksmkn1beringin.my.id/vendor/laravel/framework/src/Illuminate/Console/Command.php(182): Symfony/Component/Console/Command/Command->run(Object(Symfony/Component/Console/Input/ArgvInput), Object(Illuminate/Console/OutputStyle))
#10 C:/Users/Hotwill GIMANG/Downloads/sarpas.tiksmkn1beringin.my.id/vendor/symfony/console/Application.php(1117): Illuminate/Console/Command->run(Object(Symfony/Component/Console/Input/ArgvInput), Object(Symfony/Component/Console/Output/ConsoleOutput))
#11 C:/Users/Hotwill GIMANG/Downloads/sarpas.tiksmkn1beringin.my.id/vendor/symfony/console/Application.php(356): Symfony/Component/Console/Application->doRunCommand(Object(Laravel/Tinker/Console/TinkerCommand), Object(Symfony/Component/Console/Input/ArgvInput), Object(Symfony/Component/Console/Output/ConsoleOutput))
#12 C:/Users/Hotwill GIMANG/Downloads/sarpas.tiksmkn1beringin.my.id/vendor/symfony/console/Application.php(195): Symfony/Component/Console/Application->doRun(Object(Symfony/Component/Console/Input/ArgvInput), Object(Symfony/Component/Console/Output/ConsoleOutput))
#13 C:/Users/Hotwill GIMANG/Downloads/sarpas.tiksmkn1beringin.my.id/vendor/laravel/framework/src/Illuminate/Foundation/Console/Kernel.php(198): Symfony/Component/Console/Application->run(Object(Symfony/Component/Console/Input/ArgvInput), Object(Symfony/Component/Console/Output/ConsoleOutput))
#14 C:/Users/Hotwill GIMANG/Downloads/sarpas.tiksmkn1beringin.my.id/vendor/laravel/framework/src/Illuminate/Foundation/Application.php(1235): Illuminate/Foundation/Console/Kernel->handle(Object(Symfony/Component/Console/Input/ArgvInput), Object(Symfony/Component/Console/Output/ConsoleOutput))
#15 C:/Users/Hotwill GIMANG/Downloads/sarpas.tiksmkn1beringin.my.id/artisan(13): Illuminate/Foundation/Application->handleCommand(Object(Symfony/Component/Console/Input/ArgvInput))
#16 {main}
"} 
[2026-09-30 07:36:48] production.ERROR: SQLSTATE[HY000] [1045] Access denied for user 'sarpras'@'localhost' (using password: YES) (Connection: mysql, SQL: select count(*) as aggregate from `inventaris_barangs`) {"exception":"[object] (Illuminate\\Database\\QueryException(code: 1045): SQLSTATE[HY000] [1045] Access denied for user 'sarpras'@'localhost' (using password: YES) (Connection: mysql, SQL: select count(*) as aggregate from `inventaris_barangs`) at /www/wwwroot/sarpras.tiksmkn1beringin.my.id/vendor/laravel/framework/src/Illuminate/Database/Connection.php:825)
[stacktrace]
#0 /www/wwwroot/sarpras.tiksmkn1beringin.my.id/vendor/laravel/framework/src/Illuminate/Database/Connection.php(779): Illuminate\\Database\\Connection->runQueryCallback()
#1 /www/wwwroot/sarpras.tiksmkn1beringin.my.id/vendor/laravel/framework/src/Illuminate/Database/Connection.php(398): Illuminate\\Database\\Connection->run()
#2 /www/wwwroot/sarpras.tiksmkn1beringin.my.id/vendor/laravel/framework/src/Illuminate/Database/Query/Builder.php(3106): Illuminate\\Database\\Connection->select()
#3 /www/wwwroot/sarpras.tiksmkn1beringin.my.id/vendor/laravel/framework/src/Illuminate/Database/Query/Builder.php(3091): Illuminate\\Database\\Query\\Builder->runSelect()
#4 /www/wwwroot/sarpras.tiksmkn1beringin.my.id/vendor/laravel/framework/src/Illuminate/Database/Query/Builder.php(3676): Illuminate\\Database\\Query\\Builder->{closure:Illuminate\\Database\\Query\\Builder::get():3090}()
#5 /www/wwwroot/sarpras.tiksmkn1beringin.my.id/vendor/laravel/framework/src/Illuminate/Database/Query/Builder.php(3090): Illuminate\\Database\\Query\\Builder->onceWithColumns()
#6 /www/wwwroot/sarpras.tiksmkn1beringin.my.id/vendor/laravel/framework/src/Illuminate/Database/Query/Builder.php(3285): Illuminate\\Database\\Query\\Builder->get()
#7 /www/wwwroot/sarpras.tiksmkn1beringin.my.id/vendor/laravel/framework/src/Illuminate/Database/Query/Builder.php(3244): Illuminate\\Database\\Query\\Builder->runPaginationCountQuery()
#8 /www/wwwroot/sarpras.tiksmkn1beringin.my.id/vendor/laravel/framework/src/Illuminate/Database/Eloquent/Builder.php(1029): Illuminate\\Database\\Query\\Builder->getCountForPagination()
#9 /www/wwwroot/sarpras.tiksmkn1beringin.my.id/app/Http/Controllers/InventarisController.php(61): Illuminate\\Database\\Eloquent\\Builder->paginate()
#10 /www/wwwroot/sarpras.tiksmkn1beringin.my.id/vendor/laravel/framework/src/Illuminate/Routing/ControllerDispatcher.php(47): App\\Http\\Controllers\\InventarisController->index()
#11 /www/wwwroot/sarpras.tiksmkn1beringin.my.id/vendor/laravel/framework/src/Illuminate/Routing/Route.php(266): Illuminate\\Routing\\ControllerDispatcher->dispatch()
#12 /www/wwwroot/sarpras.tiksmkn1beringin.my.id/vendor/laravel/framework/src/Illuminate/Routing/Route.php(212): Illuminate\\Routing\\Route->runController()
#13 /www/wwwroot/sarpras.tiksmkn1beringin.my.id/vendor/laravel/framework/src/Illuminate/Routing/Router.php(808): Illuminate\\Routing\\Route->run()
#14 /www/wwwroot/sarpras.tiksmkn1beringin.my.id/vendor/laravel/framework/src/Illuminate/Pipeline/Pipeline.php(170): Illuminate\\Routing\\Router->{closure:Illuminate\\Routing\\Router::runRouteWithinStack():807}()
#15 /www/wwwroot/sarpras.tiksmkn1beringin.my.id/vendor/laravel/framework/src/Illuminate/Routing/Middleware/SubstituteBindings.php(51): Illuminate\\Pipeline\\Pipeline->{closure:Illuminate\\Pipeline\\Pipeline::prepareDestination():168}()
#16 /www/wwwroot/sarpras.tiksmkn1beringin.my.id/vendor/laravel/framework/src/Illuminate/Pipeline/Pipeline.php(209): Illuminate\\Routing\\Middleware\\SubstituteBindings->handle()
#17 /www/wwwroot/sarpras.tiksmkn1beringin.my.id/vendor/laravel/framework/src/Illuminate/Foundation/Http/Middleware/VerifyCsrfToken.php(88): Illuminate\\Pipeline\\Pipeline->{closure:{closure:Illuminate\\Pipeline\\Pipeline::carry():184}:185}()
#18 /www/wwwroot/sarpras.tiksmkn1beringin.my.id/vendor/laravel/framework/src/Illuminate/Pipeline/Pipeline.php(209): Illuminate\\Foundation\\Http\\Middleware\\VerifyCsrfToken->handle()
#19 /www/wwwroot/sarpras.tiksmkn1beringin.my.id/vendor/laravel/framework/src/Illuminate/View/Middleware/ShareErrorsFromSession.php(49): Illuminate\\Pipeline\\Pipeline->{closure:{closure:Illuminate\\Pipeline\\Pipeline::carry():184}:185}()
#20 /www/wwwroot/sarpras.tiksmkn1beringin.my.id/vendor/laravel/framework/src/Illuminate/Pipeline/Pipeline.php(209): Illuminate\\View\\Middleware\\ShareErrorsFromSession->handle()
#21 /www/wwwroot/sarpras.tiksmkn1beringin.my.id/vendor/laravel/framework/src/Illuminate/Session/Middleware/StartSession.php(121): Illuminate\\Pipeline\\Pipeline->{closure:{closure:Illuminate\\Pipeline\\Pipeline::carry():184}:185}()
#22 /www/wwwroot/sarpras.tiksmkn1beringin.my.id/vendor/laravel/framework/src/Illuminate/Session/Middleware/StartSession.php(64): Illuminate\\Session\\Middleware\\StartSession->handleStatefulRequest()
#23 /www/wwwroot/sarpras.tiksmkn1beringin.my.id/vendor/laravel/framework/src/Illuminate/Pipeline/Pipeline.php(209): Illuminate\\Session\\Middleware\\StartSession->handle()
#24 /www/wwwroot/sarpras.tiksmkn1beringin.my.id/vendor/laravel/framework/src/Illuminate/Cookie/Middleware/AddQueuedCookiesToResponse.php(37): Illuminate\\Pipeline\\Pipeline->{closure:{closure:Illuminate\\Pipeline\\Pipeline::carry():184}:185}()
#25 /www/wwwroot/sarpras.tiksmkn1beringin.my.id/vendor/laravel/framework/src/Illuminate/Pipeline/Pipeline.php(209): Illuminate\\Cookie\\Middleware\\AddQueuedCookiesToResponse->handle()
#26 /www/wwwroot/sarpras.tiksmkn1beringin.my.id/vendor/laravel/framework/src/Illuminate/Cookie/Middleware/EncryptCookies.php(75): Illuminate\\Pipeline\\Pipeline->{closure:{closure:Illuminate\\Pipeline\\Pipeline::carry():184}:185}()
#27 /www/wwwroot/sarpras.tiksmkn1beringin.my.id/vendor/laravel/framework/src/Illuminate/Pipeline/Pipeline.php(209): Illuminate\\Cookie\\Middleware\\EncryptCookies->handle()
#28 /www/wwwroot/sarpras.tiksmkn1beringin.my.id/vendor/laravel/framework/src/Illuminate/Pipeline/Pipeline.php(127): Illuminate\\Pipeline\\Pipeline->{closure:{closure:Illuminate\\Pipeline\\Pipeline::carry():184}:185}()
#29 /www/wwwroot/sarpras.tiksmkn1beringin.my.id/vendor/laravel/framework/src/Illuminate/Routing/Router.php(807): Illuminate\\Pipeline\\Pipeline->then()
#30 /www/wwwroot/sarpras.tiksmkn1beringin.my.id/vendor/laravel/framework/src/Illuminate/Routing/Router.php(786): Illuminate\\Routing\\Router->runRouteWithinStack()
#31 /www/wwwroot/sarpras.tiksmkn1beringin.my.id/vendor/laravel/framework/src/Illuminate/Routing/Router.php(750): Illuminate\\Routing\\Router->runRoute()
#32 /www/wwwroot/sarpras.tiksmkn1beringin.my.id/vendor/laravel/framework/src/Illuminate/Routing/Router.php(739): Illuminate\\Routing\\Router->dispatchToRoute()
#33 /www/wwwroot/sarpras.tiksmkn1beringin.my.id/vendor/laravel/framework/src/Illuminate/Foundation/Http/Kernel.php(201): Illuminate\\Routing\\Router->dispatch()
#34 /www/wwwroot/sarpras.tiksmkn1beringin.my.id/vendor/laravel/framework/src/Illuminate/Pipeline/Pipeline.php(170): Illuminate\\Foundation\\Http\\Kernel->{closure:Illuminate\\Foundation\\Http\\Kernel::dispatchToRouter():198}()
#35 /www/wwwroot/sarpras.tiksmkn1beringin.my.id/vendor/laravel/framework/src/Illuminate/Foundation/Http/Middleware/TransformsRequest.php(21): Illuminate\\Pipeline\\Pipeline->{closure:Illuminate\\Pipeline\\Pipeline::prepareDestination():168}()
#36 /www/wwwroot/sarpras.tiksmkn1beringin.my.id/vendor/laravel/framework/src/Illuminate/Foundation/Http/Middleware/ConvertEmptyStringsToNull.php(31): Illuminate\\Foundation\\Http\\Middleware\\TransformsRequest->handle()
#37 /www/wwwroot/sarpras.tiksmkn1beringin.my.id/vendor/laravel/framework/src/Illuminate/Pipeline/Pipeline.php(209): Illuminate\\Foundation\\Http\\Middleware\\ConvertEmptyStringsToNull->handle()
#38 /www/wwwroot/sarpras.tiksmkn1beringin.my.id/vendor/laravel/framework/src/Illuminate/Foundation/Http/Middleware/TransformsRequest.php(21): Illuminate\\Pipeline\\Pipeline->{closure:{closure:Illuminate\\Pipeline\\Pipeline::carry():184}:185}()
#39 /www/wwwroot/sarpras.tiksmkn1beringin.my.id/vendor/laravel/framework/src/Illuminate/Foundation/Http/Middleware/TrimStrings.php(51): Illuminate\\Foundation\\Http\\Middleware\\TransformsRequest->handle()
#40 /www/wwwroot/sarpras.tiksmkn1beringin.my.id/vendor/laravel/framework/src/Illuminate/Pipeline/Pipeline.php(209): Illuminate\\Foundation\\Http\\Middleware\\TrimStrings->handle()
#41 /www/wwwroot/sarpras.tiksmkn1beringin.my.id/vendor/laravel/framework/src/Illuminate/Http/Middleware/ValidatePostSize.php(27): Illuminate\\Pipeline\\Pipeline->{closure:{closure:Illuminate\\Pipeline\\Pipeline::carry():184}:185}()
#42 /www/wwwroot/sarpras.tiksmkn1beringin.my.id/vendor/laravel/framework/src/Illuminate/Pipeline/Pipeline.php(209): Illuminate\\Http\\Middleware\\ValidatePostSize->handle()
#43 /www/wwwroot/sarpras.tiksmkn1beringin.my.id/vendor/laravel/framework/src/Illuminate/Foundation/Http/Middleware/PreventRequestsDuringMaintenance.php(110): Illuminate\\Pipeline\\Pipeline->{closure:{closure:Illuminate\\Pipeline\\Pipeline::carry():184}:185}()
#44 /www/wwwroot/sarpras.tiksmkn1beringin.my.id/vendor/laravel/framework/src/Illuminate/Pipeline/Pipeline.php(209): Illuminate\\Foundation\\Http\\Middleware\\PreventRequestsDuringMaintenance->handle()
#45 /www/wwwroot/sarpras.tiksmkn1beringin.my.id/vendor/laravel/framework/src/Illuminate/Http/Middleware/HandleCors.php(49): Illuminate\\Pipeline\\Pipeline->{closure:{closure:Illuminate\\Pipeline\\Pipeline::carry():184}:185}()
#46 /www/wwwroot/sarpras.tiksmkn1beringin.my.id/vendor/laravel/framework/src/Illuminate/Pipeline/Pipeline.php(209): Illuminate\\Http\\Middleware\\HandleCors->handle()
#47 /www/wwwroot/sarpras.tiksmkn1beringin.my.id/vendor/laravel/framework/src/Illuminate/Http/Middleware/TrustProxies.php(58): Illuminate\\Pipeline\\Pipeline->{closure:{closure:Illuminate\\Pipeline\\Pipeline::carry():184}:185}()
#48 /www/wwwroot/sarpras.tiksmkn1beringin.my.id/vendor/laravel/framework/src/Illuminate/Pipeline/Pipeline.php(209): Illuminate\\Http\\Middleware\\TrustProxies->handle()
#49 /www/wwwroot/sarpras.tiksmkn1beringin.my.id/vendor/laravel/framework/src/Illuminate/Foundation/Http/Middleware/InvokeDeferredCallbacks.php(22): Illuminate\\Pipeline\\Pipeline->{closure:{closure:Illuminate\\Pipeline\\Pipeline::carry():184}:185}()
#50 /www/wwwroot/sarpras.tiksmkn1beringin.my.id/vendor/laravel/framework/src/Illuminate/Pipeline/Pipeline.php(209): Illuminate\\Foundation\\Http\\Middleware\\InvokeDeferredCallbacks->handle()
#51 /www/wwwroot/sarpras.tiksmkn1beringin.my.id/vendor/laravel/framework/src/Illuminate/Pipeline/Pipeline.php(127): Illuminate\\Pipeline\\Pipeline->{closure:{closure:Illuminate\\Pipeline\\Pipeline::carry():184}:185}()
#52 /www/wwwroot/sarpras.tiksmkn1beringin.my.id/vendor/laravel/framework/src/Illuminate/Foundation/Http/Kernel.php(176): Illuminate\\Pipeline\\Pipeline->then()
#53 /www/wwwroot/sarpras.tiksmkn1beringin.my.id/vendor/laravel/framework/src/Illuminate/Foundation/Http/Kernel.php(145): Illuminate\\Foundation\\Http\\Kernel->sendRequestThroughRouter()
#54 /www/wwwroot/sarpras.tiksmkn1beringin.my.id/vendor/laravel/framework/src/Illuminate/Foundation/Application.php(1220): Illuminate\\Foundation\\Http\\Kernel->handle()
#55 /www/wwwroot/sarpras.tiksmkn1beringin.my.id/public/index.php(17): Illuminate\\Foundation\\Application->handleRequest()
#56 {main}

[previous exception] [object] (PDOException(code: 1045): SQLSTATE[HY000] [1045] Access denied for user 'sarpras'@'localhost' (using password: YES) at /www/wwwroot/sarpras.tiksmkn1beringin.my.id/vendor/laravel/framework/src/Illuminate/Database/Connectors/Connector.php:67)
[stacktrace]
#0 /www/wwwroot/sarpras.tiksmkn1beringin.my.id/vendor/laravel/framework/src/Illuminate/Database/Connectors/Connector.php(67): PDO::connect()
#1 /www/wwwroot/sarpras.tiksmkn1beringin.my.id/vendor/laravel/framework/src/Illuminate/Database/Connectors/Connector.php(44): Illuminate\\Database\\Connectors\\Connector->createPdoConnection()
#2 /www/wwwroot/sarpras.tiksmkn1beringin.my.id/vendor/laravel/framework/src/Illuminate/Database/Connectors/MySqlConnector.php(24): Illuminate\\Database\\Connectors\\Connector->createConnection()
#3 /www/wwwroot/sarpras.tiksmkn1beringin.my.id/vendor/laravel/framework/src/Illuminate/Database/Connectors/ConnectionFactory.php(185): Illuminate\\Database\\Connectors\\MySqlConnector->connect()
#4 [internal function]: Illuminate\\Database\\Connectors\\ConnectionFactory->{closure:Illuminate\\Database\\Connectors\\ConnectionFactory::createPdoResolverWithHosts():180}()
#5 /www/wwwroot/sarpras.tiksmkn1beringin.my.id/vendor/laravel/framework/src/Illuminate/Database/Connection.php(1231): call_user_func()
#6 /www/wwwroot/sarpras.tiksmkn1beringin.my.id/vendor/laravel/framework/src/Illuminate/Database/Connection.php(1267): Illuminate\\Database\\Connection->getPdo()
#7 /www/wwwroot/sarpras.tiksmkn1beringin.my.id/vendor/laravel/framework/src/Illuminate/Database/Connection.php(512): Illuminate\\Database\\Connection->getReadPdo()
#8 /www/wwwroot/sarpras.tiksmkn1beringin.my.id/vendor/laravel/framework/src/Illuminate/Database/Connection.php(407): Illuminate\\Database\\Connection->getPdoForSelect()
#9 /www/wwwroot/sarpras.tiksmkn1beringin.my.id/vendor/laravel/framework/src/Illuminate/Database/Connection.php(812): Illuminate\\Database\\Connection->{closure:Illuminate\\Database\\Connection::select():398}()
#10 /www/wwwroot/sarpras.tiksmkn1beringin.my.id/vendor/laravel/framework/src/Illuminate/Database/Connection.php(779): Illuminate\\Database\\Connection->runQueryCallback()
#11 /www/wwwroot/sarpras.tiksmkn1beringin.my.id/vendor/laravel/framework/src/Illuminate/Database/Connection.php(398): Illuminate\\Database\\Connection->run()
#12 /www/wwwroot/sarpras.tiksmkn1beringin.my.id/vendor/laravel/framework/src/Illuminate/Database/Query/Builder.php(3106): Illuminate\\Database\\Connection->select()
#13 /www/wwwroot/sarpras.tiksmkn1beringin.my.id/vendor/laravel/framework/src/Illuminate/Database/Query/Builder.php(3091): Illuminate\\Database\\Query\\Builder->runSelect()
#14 /www/wwwroot/sarpras.tiksmkn1beringin.my.id/vendor/laravel/framework/src/Illuminate/Database/Query/Builder.php(3676): Illuminate\\Database\\Query\\Builder->{closure:Illuminate\\Database\\Query\\Builder::get():3090}()
#15 /www/wwwroot/sarpras.tiksmkn1beringin.my.id/vendor/laravel/framework/src/Illuminate/Database/Query/Builder.php(3090): Illuminate\\Database\\Query\\Builder->onceWithColumns()
#16 /www/wwwroot/sarpras.tiksmkn1beringin.my.id/vendor/laravel/framework/src/Illuminate/Database/Query/Builder.php(3285): Illuminate\\Database\\Query\\Builder->get()
#17 /www/wwwroot/sarpras.tiksmkn1beringin.my.id/vendor/laravel/framework/src/Illuminate/Database/Query/Builder.php(3244): Illuminate\\Database\\Query\\Builder->runPaginationCountQuery()
#18 /www/wwwroot/sarpras.tiksmkn1beringin.my.id/vendor/laravel/framework/src/Illuminate/Database/Eloquent/Builder.php(1029): Illuminate\\Database\\Query\\Builder->getCountForPagination()
#19 /www/wwwroot/sarpras.tiksmkn1beringin.my.id/app/Http/Controllers/InventarisController.php(61): Illuminate\\Database\\Eloquent\\Builder->paginate()
#20 /www/wwwroot/sarpras.tiksmkn1beringin.my.id/vendor/laravel/framework/src/Illuminate/Routing/ControllerDispatcher.php(47): App\\Http\\Controllers\\InventarisController->index()
#21 /www/wwwroot/sarpras.tiksmkn1beringin.my.id/vendor/laravel/framework/src/Illuminate/Routing/Route.php(266): Illuminate\\Routing\\ControllerDispatcher->dispatch()
#22 /www/wwwroot/sarpras.tiksmkn1beringin.my.id/vendor/laravel/framework/src/Illuminate/Routing/Route.php(212): Illuminate\\Routing\\Route->runController()
#23 /www/wwwroot/sarpras.tiksmkn1beringin.my.id/vendor/laravel/framework/src/Illuminate/Routing/Router.php(808): Illuminate\\Routing\\Route->run()
#24 /www/wwwroot/sarpras.tiksmkn1beringin.my.id/vendor/laravel/framework/src/Illuminate/Pipeline/Pipeline.php(170): Illuminate\\Routing\\Router->{closure:Illuminate\\Routing\\Router::runRouteWithinStack():807}()
#25 /www/wwwroot/sarpras.tiksmkn1beringin.my.id/vendor/laravel/framework/src/Illuminate/Routing/Middleware/SubstituteBindings.php(51): Illuminate\\Pipeline\\Pipeline->{closure:Illuminate\\Pipeline\\Pipeline::prepareDestination():168}()
#26 /www/wwwroot/sarpras.tiksmkn1beringin.my.id/vendor/laravel/framework/src/Illuminate/Pipeline/Pipeline.php(209): Illuminate\\Routing\\Middleware\\SubstituteBindings->handle()
#27 /www/wwwroot/sarpras.tiksmkn1beringin.my.id/vendor/laravel/framework/src/Illuminate/Foundation/Http/Middleware/VerifyCsrfToken.php(88): Illuminate\\Pipeline\\Pipeline->{closure:{closure:Illuminate\\Pipeline\\Pipeline::carry():184}:185}()
#28 /www/wwwroot/sarpras.tiksmkn1beringin.my.id/vendor/laravel/framework/src/Illuminate/Pipeline/Pipeline.php(209): Illuminate\\Foundation\\Http\\Middleware\\VerifyCsrfToken->handle()
#29 /www/wwwroot/sarpras.tiksmkn1beringin.my.id/vendor/laravel/framework/src/Illuminate/View/Middleware/ShareErrorsFromSession.php(49): Illuminate\\Pipeline\\Pipeline->{closure:{closure:Illuminate\\Pipeline\\Pipeline::carry():184}:185}()
#30 /www/wwwroot/sarpras.tiksmkn1beringin.my.id/vendor/laravel/framework/src/Illuminate/Pipeline/Pipeline.php(209): Illuminate\\View\\Middleware\\ShareErrorsFromSession->handle()
#31 /www/wwwroot/sarpras.tiksmkn1beringin.my.id/vendor/laravel/framework/src/Illuminate/Session/Middleware/StartSession.php(121): Illuminate\\Pipeline\\Pipeline->{closure:{closure:Illuminate\\Pipeline\\Pipeline::carry():184}:185}()
#32 /www/wwwroot/sarpras.tiksmkn1beringin.my.id/vendor/laravel/framework/src/Illuminate/Session/Middleware/StartSession.php(64): Illuminate\\Session\\Middleware\\StartSession->handleStatefulRequest()
#33 /www/wwwroot/sarpras.tiksmkn1beringin.my.id/vendor/laravel/framework/src/Illuminate/Pipeline/Pipeline.php(209): Illuminate\\Session\\Middleware\\StartSession->handle()
#34 /www/wwwroot/sarpras.tiksmkn1beringin.my.id/vendor/laravel/framework/src/Illuminate/Cookie/Middleware/AddQueuedCookiesToResponse.php(37): Illuminate\\Pipeline\\Pipeline->{closure:{closure:Illuminate\\Pipeline\\Pipeline::carry():184}:185}()
#35 /www/wwwroot/sarpras.tiksmkn1beringin.my.id/vendor/laravel/framework/src/Illuminate/Pipeline/Pipeline.php(209): Illuminate\\Cookie\\Middleware\\AddQueuedCookiesToResponse->handle()
#36 /www/wwwroot/sarpras.tiksmkn1beringin.my.id/vendor/laravel/framework/src/Illuminate/Cookie/Middleware/EncryptCookies.php(75): Illuminate\\Pipeline\\Pipeline->{closure:{closure:Illuminate\\Pipeline\\Pipeline::carry():184}:185}()
#37 /www/wwwroot/sarpras.tiksmkn1beringin.my.id/vendor/laravel/framework/src/Illuminate/Pipeline/Pipeline.php(209): Illuminate\\Cookie\\Middleware\\EncryptCookies->handle()
#38 /www/wwwroot/sarpras.tiksmkn1beringin.my.id/vendor/laravel/framework/src/Illuminate/Pipeline/Pipeline.php(127): Illuminate\\Pipeline\\Pipeline->{closure:{closure:Illuminate\\Pipeline\\Pipeline::carry():184}:185}()
#39 /www/wwwroot/sarpras.tiksmkn1beringin.my.id/vendor/laravel/framework/src/Illuminate/Routing/Router.php(807): Illuminate\\Pipeline\\Pipeline->then()
#40 /www/wwwroot/sarpras.tiksmkn1beringin.my.id/vendor/laravel/framework/src/Illuminate/Routing/Router.php(786): Illuminate\\Routing\\Router->runRouteWithinStack()
#41 /www/wwwroot/sarpras.tiksmkn1beringin.my.id/vendor/laravel/framework/src/Illuminate/Routing/Router.php(750): Illuminate\\Routing\\Router->runRoute()
#42 /www/wwwroot/sarpras.tiksmkn1beringin.my.id/vendor/laravel/framework/src/Illuminate/Routing/Router.php(739): Illuminate\\Routing\\Router->dispatchToRoute()
#43 /www/wwwroot/sarpras.tiksmkn1beringin.my.id/vendor/laravel/framework/src/Illuminate/Foundation/Http/Kernel.php(201): Illuminate\\Routing\\Router->dispatch()
#44 /www/wwwroot/sarpras.tiksmkn1beringin.my.id/vendor/laravel/framework/src/Illuminate/Pipeline/Pipeline.php(170): Illuminate\\Foundation\\Http\\Kernel->{closure:Illuminate\\Foundation\\Http\\Kernel::dispatchToRouter():198}()
#45 /www/wwwroot/sarpras.tiksmkn1beringin.my.id/vendor/laravel/framework/src/Illuminate/Foundation/Http/Middleware/TransformsRequest.php(21): Illuminate\\Pipeline\\Pipeline->{closure:Illuminate\\Pipeline\\Pipeline::prepareDestination():168}()
#46 /www/wwwroot/sarpras.tiksmkn1beringin.my.id/vendor/laravel/framework/src/Illuminate/Foundation/Http/Middleware/ConvertEmptyStringsToNull.php(31): Illuminate\\Foundation\\Http\\Middleware\\TransformsRequest->handle()
#47 /www/wwwroot/sarpras.tiksmkn1beringin.my.id/vendor/laravel/framework/src/Illuminate/Pipeline/Pipeline.php(209): Illuminate\\Foundation\\Http\\Middleware\\ConvertEmptyStringsToNull->handle()
#48 /www/wwwroot/sarpras.tiksmkn1beringin.my.id/vendor/laravel/framework/src/Illuminate/Foundation/Http/Middleware/TransformsRequest.php(21): Illuminate\\Pipeline\\Pipeline->{closure:{closure:Illuminate\\Pipeline\\Pipeline::carry():184}:185}()
#49 /www/wwwroot/sarpras.tiksmkn1beringin.my.id/vendor/laravel/framework/src/Illuminate/Foundation/Http/Middleware/TrimStrings.php(51): Illuminate\\Foundation\\Http\\Middleware\\TransformsRequest->handle()
#50 /www/wwwroot/sarpras.tiksmkn1beringin.my.id/vendor/laravel/framework/src/Illuminate/Pipeline/Pipeline.php(209): Illuminate\\Foundation\\Http\\Middleware\\TrimStrings->handle()
#51 /www/wwwroot/sarpras.tiksmkn1beringin.my.id/vendor/laravel/framework/src/Illuminate/Http/Middleware/ValidatePostSize.php(27): Illuminate\\Pipeline\\Pipeline->{closure:{closure:Illuminate\\Pipeline\\Pipeline::carry():184}:185}()
#52 /www/wwwroot/sarpras.tiksmkn1beringin.my.id/vendor/laravel/framework/src/Illuminate/Pipeline/Pipeline.php(209): Illuminate\\Http\\Middleware\\ValidatePostSize->handle()
#53 /www/wwwroot/sarpras.tiksmkn1beringin.my.id/vendor/laravel/framework/src/Illuminate/Foundation/Http/Middleware/PreventRequestsDuringMaintenance.php(110): Illuminate\\Pipeline\\Pipeline->{closure:{closure:Illuminate\\Pipeline\\Pipeline::carry():184}:185}()
#54 /www/wwwroot/sarpras.tiksmkn1beringin.my.id/vendor/laravel/framework/src/Illuminate/Pipeline/Pipeline.php(209): Illuminate\\Foundation\\Http\\Middleware\\PreventRequestsDuringMaintenance->handle()
#55 /www/wwwroot/sarpras.tiksmkn1beringin.my.id/vendor/laravel/framework/src/Illuminate/Http/Middleware/HandleCors.php(49): Illuminate\\Pipeline\\Pipeline->{closure:{closure:Illuminate\\Pipeline\\Pipeline::carry():184}:185}()
#56 /www/wwwroot/sarpras.tiksmkn1beringin.my.id/vendor/laravel/framework/src/Illuminate/Pipeline/Pipeline.php(209): Illuminate\\Http\\Middleware\\HandleCors->handle()
#57 /www/wwwroot/sarpras.tiksmkn1beringin.my.id/vendor/laravel/framework/src/Illuminate/Http/Middleware/TrustProxies.php(58): Illuminate\\Pipeline\\Pipeline->{closure:{closure:Illuminate\\Pipeline\\Pipeline::carry():184}:185}()
#58 /www/wwwroot/sarpras.tiksmkn1beringin.my.id/vendor/laravel/framework/src/Illuminate/Pipeline/Pipeline.php(209): Illuminate\\Http\\Middleware\\TrustProxies->handle()
#59 /www/wwwroot/sarpras.tiksmkn1beringin.my.id/vendor/laravel/framework/src/Illuminate/Foundation/Http/Middleware/InvokeDeferredCallbacks.php(22): Illuminate\\Pipeline\\Pipeline->{closure:{closure:Illuminate\\Pipeline\\Pipeline::carry():184}:185}()
#60 /www/wwwroot/sarpras.tiksmkn1beringin.my.id/vendor/laravel/framework/src/Illuminate/Pipeline/Pipeline.php(209): Illuminate\\Foundation\\Http\\Middleware\\InvokeDeferredCallbacks->handle()
#61 /www/wwwroot/sarpras.tiksmkn1beringin.my.id/vendor/laravel/framework/src/Illuminate/Pipeline/Pipeline.php(127): Illuminate\\Pipeline\\Pipeline->{closure:{closure:Illuminate\\Pipeline\\Pipeline::carry():184}:185}()
#62 /www/wwwroot/sarpras.tiksmkn1beringin.my.id/vendor/laravel/framework/src/Illuminate/Foundation/Http/Kernel.php(176): Illuminate\\Pipeline\\Pipeline->then()
#63 /www/wwwroot/sarpras.tiksmkn1beringin.my.id/vendor/laravel/framework/src/Illuminate/Foundation/Http/Kernel.php(145): Illuminate\\Foundation\\Http\\Kernel->sendRequestThroughRouter()
#64 /www/wwwroot/sarpras.tiksmkn1beringin.my.id/vendor/laravel/framework/src/Illuminate/Foundation/Application.php(1220): Illuminate\\Foundation\\Http\\Kernel->handle()
#65 /www/wwwroot/sarpras.tiksmkn1beringin.my.id/public/index.php(17): Illuminate\\Foundation\\Application->handleRequest()
#66 {main}
"} 
[2026-09-30 07:37:31] production.ERROR: Class "DOMDocument" not found {"exception":"[object] (Error(code: 0): Class \"DOMDocument\" not found at /www/wwwroot/sarpras.tiksmkn1beringin.my.id/vendor/nunomaduro/termwind/src/HtmlRenderer.php:32)
[stacktrace]
#0 /www/wwwroot/sarpras.tiksmkn1beringin.my.id/vendor/nunomaduro/termwind/src/HtmlRenderer.php(24): Termwind\\HtmlRenderer->parse()
#1 /www/wwwroot/sarpras.tiksmkn1beringin.my.id/vendor/nunomaduro/termwind/src/Functions.php(41): Termwind\\HtmlRenderer->render()
#2 /www/wwwroot/sarpras.tiksmkn1beringin.my.id/vendor/laravel/framework/src/Illuminate/Console/View/Components/Component.php(52): Termwind\\render()
#3 /www/wwwroot/sarpras.tiksmkn1beringin.my.id/vendor/laravel/framework/src/Illuminate/Console/View/Components/Alert.php(24): Illuminate\\Console\\View\\Components\\Component->renderView()
#4 /www/wwwroot/sarpras.tiksmkn1beringin.my.id/vendor/laravel/framework/src/Illuminate/Console/View/Components/Factory.php(60): Illuminate\\Console\\View\\Components\\Alert->render()
#5 /www/wwwroot/sarpras.tiksmkn1beringin.my.id/vendor/laravel/framework/src/Illuminate/Console/ConfirmableTrait.php(29): Illuminate\\Console\\View\\Components\\Factory->__call()
#6 /www/wwwroot/sarpras.tiksmkn1beringin.my.id/vendor/laravel/framework/src/Illuminate/Foundation/Console/KeyGenerateCommand.php(78): Illuminate\\Foundation\\Console\\KeyGenerateCommand->confirmToProceed()
#7 /www/wwwroot/sarpras.tiksmkn1beringin.my.id/vendor/laravel/framework/src/Illuminate/Foundation/Console/KeyGenerateCommand.php(47): Illuminate\\Foundation\\Console\\KeyGenerateCommand->setKeyInEnvironmentFile()
#8 /www/wwwroot/sarpras.tiksmkn1beringin.my.id/vendor/laravel/framework/src/Illuminate/Container/BoundMethod.php(36): Illuminate\\Foundation\\Console\\KeyGenerateCommand->handle()
#9 /www/wwwroot/sarpras.tiksmkn1beringin.my.id/vendor/laravel/framework/src/Illuminate/Container/Util.php(43): Illuminate\\Container\\BoundMethod::Illuminate\\Container\\{closure}()
#10 /www/wwwroot/sarpras.tiksmkn1beringin.my.id/vendor/laravel/framework/src/Illuminate/Container/BoundMethod.php(95): Illuminate\\Container\\Util::unwrapIfClosure()
#11 /www/wwwroot/sarpras.tiksmkn1beringin.my.id/vendor/laravel/framework/src/Illuminate/Container/BoundMethod.php(35): Illuminate\\Container\\BoundMethod::callBoundMethod()
#12 /www/wwwroot/sarpras.tiksmkn1beringin.my.id/vendor/laravel/framework/src/Illuminate/Container/Container.php(696): Illuminate\\Container\\BoundMethod::call()
#13 /www/wwwroot/sarpras.tiksmkn1beringin.my.id/vendor/laravel/framework/src/Illuminate/Console/Command.php(213): Illuminate\\Container\\Container->call()
#14 /www/wwwroot/sarpras.tiksmkn1beringin.my.id/vendor/symfony/console/Command/Command.php(341): Illuminate\\Console\\Command->execute()
#15 /www/wwwroot/sarpras.tiksmkn1beringin.my.id/vendor/laravel/framework/src/Illuminate/Console/Command.php(182): Symfony\\Component\\Console\\Command\\Command->run()
#16 /www/wwwroot/sarpras.tiksmkn1beringin.my.id/vendor/symfony/console/Application.php(1117): Illuminate\\Console\\Command->run()
#17 /www/wwwroot/sarpras.tiksmkn1beringin.my.id/vendor/symfony/console/Application.php(356): Symfony\\Component\\Console\\Application->doRunCommand()
#18 /www/wwwroot/sarpras.tiksmkn1beringin.my.id/vendor/symfony/console/Application.php(195): Symfony\\Component\\Console\\Application->doRun()
#19 /www/wwwroot/sarpras.tiksmkn1beringin.my.id/vendor/laravel/framework/src/Illuminate/Foundation/Console/Kernel.php(198): Symfony\\Component\\Console\\Application->run()
#20 /www/wwwroot/sarpras.tiksmkn1beringin.my.id/vendor/laravel/framework/src/Illuminate/Foundation/Application.php(1235): Illuminate\\Foundation\\Console\\Kernel->handle()
#21 /www/wwwroot/sarpras.tiksmkn1beringin.my.id/artisan(13): Illuminate\\Foundation\\Application->handleCommand()
#22 {main}
"} 
[2026-09-30 07:38:00] production.ERROR: Class "DOMDocument" not found {"exception":"[object] (Error(code: 0): Class \"DOMDocument\" not found at /www/wwwroot/sarpras.tiksmkn1beringin.my.id/vendor/nunomaduro/termwind/src/HtmlRenderer.php:32)
[stacktrace]
#0 /www/wwwroot/sarpras.tiksmkn1beringin.my.id/vendor/nunomaduro/termwind/src/HtmlRenderer.php(24): Termwind\\HtmlRenderer->parse()
#1 /www/wwwroot/sarpras.tiksmkn1beringin.my.id/vendor/nunomaduro/termwind/src/Functions.php(41): Termwind\\HtmlRenderer->render()
#2 /www/wwwroot/sarpras.tiksmkn1beringin.my.id/vendor/laravel/framework/src/Illuminate/Console/View/Components/Component.php(52): Termwind\\render()
#3 /www/wwwroot/sarpras.tiksmkn1beringin.my.id/vendor/laravel/framework/src/Illuminate/Console/View/Components/Alert.php(24): Illuminate\\Console\\View\\Components\\Component->renderView()
#4 /www/wwwroot/sarpras.tiksmkn1beringin.my.id/vendor/laravel/framework/src/Illuminate/Console/View/Components/Factory.php(60): Illuminate\\Console\\View\\Components\\Alert->render()
#5 /www/wwwroot/sarpras.tiksmkn1beringin.my.id/vendor/laravel/framework/src/Illuminate/Console/ConfirmableTrait.php(29): Illuminate\\Console\\View\\Components\\Factory->__call()
#6 /www/wwwroot/sarpras.tiksmkn1beringin.my.id/vendor/laravel/framework/src/Illuminate/Foundation/Console/KeyGenerateCommand.php(78): Illuminate\\Foundation\\Console\\KeyGenerateCommand->confirmToProceed()
#7 /www/wwwroot/sarpras.tiksmkn1beringin.my.id/vendor/laravel/framework/src/Illuminate/Foundation/Console/KeyGenerateCommand.php(47): Illuminate\\Foundation\\Console\\KeyGenerateCommand->setKeyInEnvironmentFile()
#8 /www/wwwroot/sarpras.tiksmkn1beringin.my.id/vendor/laravel/framework/src/Illuminate/Container/BoundMethod.php(36): Illuminate\\Foundation\\Console\\KeyGenerateCommand->handle()
#9 /www/wwwroot/sarpras.tiksmkn1beringin.my.id/vendor/laravel/framework/src/Illuminate/Container/Util.php(43): Illuminate\\Container\\BoundMethod::Illuminate\\Container\\{closure}()
#10 /www/wwwroot/sarpras.tiksmkn1beringin.my.id/vendor/laravel/framework/src/Illuminate/Container/BoundMethod.php(95): Illuminate\\Container\\Util::unwrapIfClosure()
#11 /www/wwwroot/sarpras.tiksmkn1beringin.my.id/vendor/laravel/framework/src/Illuminate/Container/BoundMethod.php(35): Illuminate\\Container\\BoundMethod::callBoundMethod()
#12 /www/wwwroot/sarpras.tiksmkn1beringin.my.id/vendor/laravel/framework/src/Illuminate/Container/Container.php(696): Illuminate\\Container\\BoundMethod::call()
#13 /www/wwwroot/sarpras.tiksmkn1beringin.my.id/vendor/laravel/framework/src/Illuminate/Console/Command.php(213): Illuminate\\Container\\Container->call()
#14 /www/wwwroot/sarpras.tiksmkn1beringin.my.id/vendor/symfony/console/Command/Command.php(341): Illuminate\\Console\\Command->execute()
#15 /www/wwwroot/sarpras.tiksmkn1beringin.my.id/vendor/laravel/framework/src/Illuminate/Console/Command.php(182): Symfony\\Component\\Console\\Command\\Command->run()
#16 /www/wwwroot/sarpras.tiksmkn1beringin.my.id/vendor/symfony/console/Application.php(1117): Illuminate\\Console\\Command->run()
#17 /www/wwwroot/sarpras.tiksmkn1beringin.my.id/vendor/symfony/console/Application.php(356): Symfony\\Component\\Console\\Application->doRunCommand()
#18 /www/wwwroot/sarpras.tiksmkn1beringin.my.id/vendor/symfony/console/Application.php(195): Symfony\\Component\\Console\\Application->doRun()
#19 /www/wwwroot/sarpras.tiksmkn1beringin.my.id/vendor/laravel/framework/src/Illuminate/Foundation/Console/Kernel.php(198): Symfony\\Component\\Console\\Application->run()
#20 /www/wwwroot/sarpras.tiksmkn1beringin.my.id/vendor/laravel/framework/src/Illuminate/Foundation/Application.php(1235): Illuminate\\Foundation\\Console\\Kernel->handle()
#21 /www/wwwroot/sarpras.tiksmkn1beringin.my.id/artisan(13): Illuminate\\Foundation\\Application->handleCommand()
#22 {main}
"} 
[2026-09-30 07:39:16] production.ERROR: Class "DOMDocument" not found {"exception":"[object] (Error(code: 0): Class \"DOMDocument\" not found at /www/wwwroot/sarpras.tiksmkn1beringin.my.id/vendor/nunomaduro/termwind/src/HtmlRenderer.php:32)
[stacktrace]
#0 /www/wwwroot/sarpras.tiksmkn1beringin.my.id/vendor/nunomaduro/termwind/src/HtmlRenderer.php(24): Termwind\\HtmlRenderer->parse()
#1 /www/wwwroot/sarpras.tiksmkn1beringin.my.id/vendor/nunomaduro/termwind/src/Functions.php(41): Termwind\\HtmlRenderer->render()
#2 /www/wwwroot/sarpras.tiksmkn1beringin.my.id/vendor/laravel/framework/src/Illuminate/Console/View/Components/Component.php(52): Termwind\\render()
#3 /www/wwwroot/sarpras.tiksmkn1beringin.my.id/vendor/laravel/framework/src/Illuminate/Console/View/Components/Alert.php(24): Illuminate\\Console\\View\\Components\\Component->renderView()
#4 /www/wwwroot/sarpras.tiksmkn1beringin.my.id/vendor/laravel/framework/src/Illuminate/Console/View/Components/Factory.php(60): Illuminate\\Console\\View\\Components\\Alert->render()
#5 /www/wwwroot/sarpras.tiksmkn1beringin.my.id/vendor/laravel/framework/src/Illuminate/Console/ConfirmableTrait.php(29): Illuminate\\Console\\View\\Components\\Factory->__call()
#6 /www/wwwroot/sarpras.tiksmkn1beringin.my.id/vendor/laravel/framework/src/Illuminate/Foundation/Console/KeyGenerateCommand.php(78): Illuminate\\Foundation\\Console\\KeyGenerateCommand->confirmToProceed()
#7 /www/wwwroot/sarpras.tiksmkn1beringin.my.id/vendor/laravel/framework/src/Illuminate/Foundation/Console/KeyGenerateCommand.php(47): Illuminate\\Foundation\\Console\\KeyGenerateCommand->setKeyInEnvironmentFile()
#8 /www/wwwroot/sarpras.tiksmkn1beringin.my.id/vendor/laravel/framework/src/Illuminate/Container/BoundMethod.php(36): Illuminate\\Foundation\\Console\\KeyGenerateCommand->handle()
#9 /www/wwwroot/sarpras.tiksmkn1beringin.my.id/vendor/laravel/framework/src/Illuminate/Container/Util.php(43): Illuminate\\Container\\BoundMethod::Illuminate\\Container\\{closure}()
#10 /www/wwwroot/sarpras.tiksmkn1beringin.my.id/vendor/laravel/framework/src/Illuminate/Container/BoundMethod.php(95): Illuminate\\Container\\Util::unwrapIfClosure()
#11 /www/wwwroot/sarpras.tiksmkn1beringin.my.id/vendor/laravel/framework/src/Illuminate/Container/BoundMethod.php(35): Illuminate\\Container\\BoundMethod::callBoundMethod()
#12 /www/wwwroot/sarpras.tiksmkn1beringin.my.id/vendor/laravel/framework/src/Illuminate/Container/Container.php(696): Illuminate\\Container\\BoundMethod::call()
#13 /www/wwwroot/sarpras.tiksmkn1beringin.my.id/vendor/laravel/framework/src/Illuminate/Console/Command.php(213): Illuminate\\Container\\Container->call()
#14 /www/wwwroot/sarpras.tiksmkn1beringin.my.id/vendor/symfony/console/Command/Command.php(341): Illuminate\\Console\\Command->execute()
#15 /www/wwwroot/sarpras.tiksmkn1beringin.my.id/vendor/laravel/framework/src/Illuminate/Console/Command.php(182): Symfony\\Component\\Console\\Command\\Command->run()
#16 /www/wwwroot/sarpras.tiksmkn1beringin.my.id/vendor/symfony/console/Application.php(1117): Illuminate\\Console\\Command->run()
#17 /www/wwwroot/sarpras.tiksmkn1beringin.my.id/vendor/symfony/console/Application.php(356): Symfony\\Component\\Console\\Application->doRunCommand()
#18 /www/wwwroot/sarpras.tiksmkn1beringin.my.id/vendor/symfony/console/Application.php(195): Symfony\\Component\\Console\\Application->doRun()
#19 /www/wwwroot/sarpras.tiksmkn1beringin.my.id/vendor/laravel/framework/src/Illuminate/Foundation/Console/Kernel.php(198): Symfony\\Component\\Console\\Application->run()
#20 /www/wwwroot/sarpras.tiksmkn1beringin.my.id/vendor/laravel/framework/src/Illuminate/Foundation/Application.php(1235): Illuminate\\Foundation\\Console\\Kernel->handle()
#21 /www/wwwroot/sarpras.tiksmkn1beringin.my.id/artisan(13): Illuminate\\Foundation\\Application->handleCommand()
#22 {main}
"} 
[2026-09-30 07:39:16] production.ERROR: Class "DOMDocument" not found {"exception":"[object] (Error(code: 0): Class \"DOMDocument\" not found at /www/wwwroot/sarpras.tiksmkn1beringin.my.id/vendor/nunomaduro/termwind/src/HtmlRenderer.php:32)
[stacktrace]
#0 /www/wwwroot/sarpras.tiksmkn1beringin.my.id/vendor/nunomaduro/termwind/src/HtmlRenderer.php(24): Termwind\\HtmlRenderer->parse()
#1 /www/wwwroot/sarpras.tiksmkn1beringin.my.id/vendor/nunomaduro/termwind/src/Functions.php(41): Termwind\\HtmlRenderer->render()
#2 /www/wwwroot/sarpras.tiksmkn1beringin.my.id/vendor/laravel/framework/src/Illuminate/Console/View/Components/Component.php(52): Termwind\\render()
#3 /www/wwwroot/sarpras.tiksmkn1beringin.my.id/vendor/laravel/framework/src/Illuminate/Console/View/Components/Line.php(54): Illuminate\\Console\\View\\Components\\Component->renderView()
#4 /www/wwwroot/sarpras.tiksmkn1beringin.my.id/vendor/laravel/framework/src/Illuminate/Console/View/Components/Info.php(18): Illuminate\\Console\\View\\Components\\Line->render()
#5 /www/wwwroot/sarpras.tiksmkn1beringin.my.id/vendor/laravel/framework/src/Illuminate/Console/View/Components/Factory.php(60): Illuminate\\Console\\View\\Components\\Info->render()
#6 /www/wwwroot/sarpras.tiksmkn1beringin.my.id/vendor/laravel/framework/src/Illuminate/Foundation/Console/OptimizeClearCommand.php(35): Illuminate\\Console\\View\\Components\\Factory->__call()
#7 /www/wwwroot/sarpras.tiksmkn1beringin.my.id/vendor/laravel/framework/src/Illuminate/Container/BoundMethod.php(36): Illuminate\\Foundation\\Console\\OptimizeClearCommand->handle()
#8 /www/wwwroot/sarpras.tiksmkn1beringin.my.id/vendor/laravel/framework/src/Illuminate/Container/Util.php(43): Illuminate\\Container\\BoundMethod::Illuminate\\Container\\{closure}()
#9 /www/wwwroot/sarpras.tiksmkn1beringin.my.id/vendor/laravel/framework/src/Illuminate/Container/BoundMethod.php(95): Illuminate\\Container\\Util::unwrapIfClosure()
#10 /www/wwwroot/sarpras.tiksmkn1beringin.my.id/vendor/laravel/framework/src/Illuminate/Container/BoundMethod.php(35): Illuminate\\Container\\BoundMethod::callBoundMethod()
#11 /www/wwwroot/sarpras.tiksmkn1beringin.my.id/vendor/laravel/framework/src/Illuminate/Container/Container.php(696): Illuminate\\Container\\BoundMethod::call()
#12 /www/wwwroot/sarpras.tiksmkn1beringin.my.id/vendor/laravel/framework/src/Illuminate/Console/Command.php(213): Illuminate\\Container\\Container->call()
#13 /www/wwwroot/sarpras.tiksmkn1beringin.my.id/vendor/symfony/console/Command/Command.php(341): Illuminate\\Console\\Command->execute()
#14 /www/wwwroot/sarpras.tiksmkn1beringin.my.id/vendor/laravel/framework/src/Illuminate/Console/Command.php(182): Symfony\\Component\\Console\\Command\\Command->run()
#15 /www/wwwroot/sarpras.tiksmkn1beringin.my.id/vendor/symfony/console/Application.php(1117): Illuminate\\Console\\Command->run()
#16 /www/wwwroot/sarpras.tiksmkn1beringin.my.id/vendor/symfony/console/Application.php(356): Symfony\\Component\\Console\\Application->doRunCommand()
#17 /www/wwwroot/sarpras.tiksmkn1beringin.my.id/vendor/symfony/console/Application.php(195): Symfony\\Component\\Console\\Application->doRun()
#18 /www/wwwroot/sarpras.tiksmkn1beringin.my.id/vendor/laravel/framework/src/Illuminate/Foundation/Console/Kernel.php(198): Symfony\\Component\\Console\\Application->run()
#19 /www/wwwroot/sarpras.tiksmkn1beringin.my.id/vendor/laravel/framework/src/Illuminate/Foundation/Application.php(1235): Illuminate\\Foundation\\Console\\Kernel->handle()
#20 /www/wwwroot/sarpras.tiksmkn1beringin.my.id/artisan(13): Illuminate\\Foundation\\Application->handleCommand()
#21 {main}
"} 
[2026-09-30 07:40:01] production.ERROR: Class "DOMDocument" not found {"exception":"[object] (Error(code: 0): Class \"DOMDocument\" not found at /www/wwwroot/sarpras.tiksmkn1beringin.my.id/vendor/nunomaduro/termwind/src/HtmlRenderer.php:32)
[stacktrace]
#0 /www/wwwroot/sarpras.tiksmkn1beringin.my.id/vendor/nunomaduro/termwind/src/HtmlRenderer.php(24): Termwind\\HtmlRenderer->parse()
#1 /www/wwwroot/sarpras.tiksmkn1beringin.my.id/vendor/nunomaduro/termwind/src/Functions.php(41): Termwind\\HtmlRenderer->render()
#2 /www/wwwroot/sarpras.tiksmkn1beringin.my.id/vendor/laravel/framework/src/Illuminate/Console/View/Components/Component.php(52): Termwind\\render()
#3 /www/wwwroot/sarpras.tiksmkn1beringin.my.id/vendor/laravel/framework/src/Illuminate/Console/View/Components/Alert.php(24): Illuminate\\Console\\View\\Components\\Component->renderView()
#4 /www/wwwroot/sarpras.tiksmkn1beringin.my.id/vendor/laravel/framework/src/Illuminate/Console/View/Components/Factory.php(60): Illuminate\\Console\\View\\Components\\Alert->render()
#5 /www/wwwroot/sarpras.tiksmkn1beringin.my.id/vendor/laravel/framework/src/Illuminate/Console/ConfirmableTrait.php(29): Illuminate\\Console\\View\\Components\\Factory->__call()
#6 /www/wwwroot/sarpras.tiksmkn1beringin.my.id/vendor/laravel/framework/src/Illuminate/Foundation/Console/KeyGenerateCommand.php(78): Illuminate\\Foundation\\Console\\KeyGenerateCommand->confirmToProceed()
#7 /www/wwwroot/sarpras.tiksmkn1beringin.my.id/vendor/laravel/framework/src/Illuminate/Foundation/Console/KeyGenerateCommand.php(47): Illuminate\\Foundation\\Console\\KeyGenerateCommand->setKeyInEnvironmentFile()
#8 /www/wwwroot/sarpras.tiksmkn1beringin.my.id/vendor/laravel/framework/src/Illuminate/Container/BoundMethod.php(36): Illuminate\\Foundation\\Console\\KeyGenerateCommand->handle()
#9 /www/wwwroot/sarpras.tiksmkn1beringin.my.id/vendor/laravel/framework/src/Illuminate/Container/Util.php(43): Illuminate\\Container\\BoundMethod::Illuminate\\Container\\{closure}()
#10 /www/wwwroot/sarpras.tiksmkn1beringin.my.id/vendor/laravel/framework/src/Illuminate/Container/BoundMethod.php(95): Illuminate\\Container\\Util::unwrapIfClosure()
#11 /www/wwwroot/sarpras.tiksmkn1beringin.my.id/vendor/laravel/framework/src/Illuminate/Container/BoundMethod.php(35): Illuminate\\Container\\BoundMethod::callBoundMethod()
#12 /www/wwwroot/sarpras.tiksmkn1beringin.my.id/vendor/laravel/framework/src/Illuminate/Container/Container.php(696): Illuminate\\Container\\BoundMethod::call()
#13 /www/wwwroot/sarpras.tiksmkn1beringin.my.id/vendor/laravel/framework/src/Illuminate/Console/Command.php(213): Illuminate\\Container\\Container->call()
#14 /www/wwwroot/sarpras.tiksmkn1beringin.my.id/vendor/symfony/console/Command/Command.php(341): Illuminate\\Console\\Command->execute()
#15 /www/wwwroot/sarpras.tiksmkn1beringin.my.id/vendor/laravel/framework/src/Illuminate/Console/Command.php(182): Symfony\\Component\\Console\\Command\\Command->run()
#16 /www/wwwroot/sarpras.tiksmkn1beringin.my.id/vendor/symfony/console/Application.php(1117): Illuminate\\Console\\Command->run()
#17 /www/wwwroot/sarpras.tiksmkn1beringin.my.id/vendor/symfony/console/Application.php(356): Symfony\\Component\\Console\\Application->doRunCommand()
#18 /www/wwwroot/sarpras.tiksmkn1beringin.my.id/vendor/symfony/console/Application.php(195): Symfony\\Component\\Console\\Application->doRun()
#19 /www/wwwroot/sarpras.tiksmkn1beringin.my.id/vendor/laravel/framework/src/Illuminate/Foundation/Console/Kernel.php(198): Symfony\\Component\\Console\\Application->run()
#20 /www/wwwroot/sarpras.tiksmkn1beringin.my.id/vendor/laravel/framework/src/Illuminate/Foundation/Application.php(1235): Illuminate\\Foundation\\Console\\Kernel->handle()
#21 /www/wwwroot/sarpras.tiksmkn1beringin.my.id/artisan(13): Illuminate\\Foundation\\Application->handleCommand()
#22 {main}
"} 
[2026-09-30 07:40:01] production.ERROR: Class "DOMDocument" not found {"exception":"[object] (Error(code: 0): Class \"DOMDocument\" not found at /www/wwwroot/sarpras.tiksmkn1beringin.my.id/vendor/nunomaduro/termwind/src/HtmlRenderer.php:32)
[stacktrace]
#0 /www/wwwroot/sarpras.tiksmkn1beringin.my.id/vendor/nunomaduro/termwind/src/HtmlRenderer.php(24): Termwind\\HtmlRenderer->parse()
#1 /www/wwwroot/sarpras.tiksmkn1beringin.my.id/vendor/nunomaduro/termwind/src/Functions.php(41): Termwind\\HtmlRenderer->render()
#2 /www/wwwroot/sarpras.tiksmkn1beringin.my.id/vendor/laravel/framework/src/Illuminate/Console/View/Components/Component.php(52): Termwind\\render()
#3 /www/wwwroot/sarpras.tiksmkn1beringin.my.id/vendor/laravel/framework/src/Illuminate/Console/View/Components/Line.php(54): Illuminate\\Console\\View\\Components\\Component->renderView()
#4 /www/wwwroot/sarpras.tiksmkn1beringin.my.id/vendor/laravel/framework/src/Illuminate/Console/View/Components/Info.php(18): Illuminate\\Console\\View\\Components\\Line->render()
#5 /www/wwwroot/sarpras.tiksmkn1beringin.my.id/vendor/laravel/framework/src/Illuminate/Console/View/Components/Factory.php(60): Illuminate\\Console\\View\\Components\\Info->render()
#6 /www/wwwroot/sarpras.tiksmkn1beringin.my.id/vendor/laravel/framework/src/Illuminate/Foundation/Console/OptimizeClearCommand.php(35): Illuminate\\Console\\View\\Components\\Factory->__call()
#7 /www/wwwroot/sarpras.tiksmkn1beringin.my.id/vendor/laravel/framework/src/Illuminate/Container/BoundMethod.php(36): Illuminate\\Foundation\\Console\\OptimizeClearCommand->handle()
#8 /www/wwwroot/sarpras.tiksmkn1beringin.my.id/vendor/laravel/framework/src/Illuminate/Container/Util.php(43): Illuminate\\Container\\BoundMethod::Illuminate\\Container\\{closure}()
#9 /www/wwwroot/sarpras.tiksmkn1beringin.my.id/vendor/laravel/framework/src/Illuminate/Container/BoundMethod.php(95): Illuminate\\Container\\Util::unwrapIfClosure()
#10 /www/wwwroot/sarpras.tiksmkn1beringin.my.id/vendor/laravel/framework/src/Illuminate/Container/BoundMethod.php(35): Illuminate\\Container\\BoundMethod::callBoundMethod()
#11 /www/wwwroot/sarpras.tiksmkn1beringin.my.id/vendor/laravel/framework/src/Illuminate/Container/Container.php(696): Illuminate\\Container\\BoundMethod::call()
#12 /www/wwwroot/sarpras.tiksmkn1beringin.my.id/vendor/laravel/framework/src/Illuminate/Console/Command.php(213): Illuminate\\Container\\Container->call()
#13 /www/wwwroot/sarpras.tiksmkn1beringin.my.id/vendor/symfony/console/Command/Command.php(341): Illuminate\\Console\\Command->execute()
#14 /www/wwwroot/sarpras.tiksmkn1beringin.my.id/vendor/laravel/framework/src/Illuminate/Console/Command.php(182): Symfony\\Component\\Console\\Command\\Command->run()
#15 /www/wwwroot/sarpras.tiksmkn1beringin.my.id/vendor/symfony/console/Application.php(1117): Illuminate\\Console\\Command->run()
#16 /www/wwwroot/sarpras.tiksmkn1beringin.my.id/vendor/symfony/console/Application.php(356): Symfony\\Component\\Console\\Application->doRunCommand()
#17 /www/wwwroot/sarpras.tiksmkn1beringin.my.id/vendor/symfony/console/Application.php(195): Symfony\\Component\\Console\\Application->doRun()
#18 /www/wwwroot/sarpras.tiksmkn1beringin.my.id/vendor/laravel/framework/src/Illuminate/Foundation/Console/Kernel.php(198): Symfony\\Component\\Console\\Application->run()
#19 /www/wwwroot/sarpras.tiksmkn1beringin.my.id/vendor/laravel/framework/src/Illuminate/Foundation/Application.php(1235): Illuminate\\Foundation\\Console\\Kernel->handle()
#20 /www/wwwroot/sarpras.tiksmkn1beringin.my.id/artisan(13): Illuminate\\Foundation\\Application->handleCommand()
#21 {main}
"} 
[2026-09-30 07:40:24] production.ERROR: SQLSTATE[HY000] [1045] Access denied for user 'sarpras'@'localhost' (using password: YES) (Connection: mysql, SQL: select count(*) as aggregate from `inventaris_barangs`) {"exception":"[object] (Illuminate\\Database\\QueryException(code: 1045): SQLSTATE[HY000] [1045] Access denied for user 'sarpras'@'localhost' (using password: YES) (Connection: mysql, SQL: select count(*) as aggregate from `inventaris_barangs`) at /www/wwwroot/sarpras.tiksmkn1beringin.my.id/vendor/laravel/framework/src/Illuminate/Database/Connection.php:825)
[stacktrace]
#0 /www/wwwroot/sarpras.tiksmkn1beringin.my.id/vendor/laravel/framework/src/Illuminate/Database/Connection.php(779): Illuminate\\Database\\Connection->runQueryCallback()
#1 /www/wwwroot/sarpras.tiksmkn1beringin.my.id/vendor/laravel/framework/src/Illuminate/Database/Connection.php(398): Illuminate\\Database\\Connection->run()
#2 /www/wwwroot/sarpras.tiksmkn1beringin.my.id/vendor/laravel/framework/src/Illuminate/Database/Query/Builder.php(3106): Illuminate\\Database\\Connection->select()
#3 /www/wwwroot/sarpras.tiksmkn1beringin.my.id/vendor/laravel/framework/src/Illuminate/Database/Query/Builder.php(3091): Illuminate\\Database\\Query\\Builder->runSelect()
#4 /www/wwwroot/sarpras.tiksmkn1beringin.my.id/vendor/laravel/framework/src/Illuminate/Database/Query/Builder.php(3676): Illuminate\\Database\\Query\\Builder->{closure:Illuminate\\Database\\Query\\Builder::get():3090}()
#5 /www/wwwroot/sarpras.tiksmkn1beringin.my.id/vendor/laravel/framework/src/Illuminate/Database/Query/Builder.php(3090): Illuminate\\Database\\Query\\Builder->onceWithColumns()
#6 /www/wwwroot/sarpras.tiksmkn1beringin.my.id/vendor/laravel/framework/src/Illuminate/Database/Query/Builder.php(3285): Illuminate\\Database\\Query\\Builder->get()
#7 /www/wwwroot/sarpras.tiksmkn1beringin.my.id/vendor/laravel/framework/src/Illuminate/Database/Query/Builder.php(3244): Illuminate\\Database\\Query\\Builder->runPaginationCountQuery()
#8 /www/wwwroot/sarpras.tiksmkn1beringin.my.id/vendor/laravel/framework/src/Illuminate/Database/Eloquent/Builder.php(1029): Illuminate\\Database\\Query\\Builder->getCountForPagination()
#9 /www/wwwroot/sarpras.tiksmkn1beringin.my.id/app/Http/Controllers/InventarisController.php(61): Illuminate\\Database\\Eloquent\\Builder->paginate()
#10 /www/wwwroot/sarpras.tiksmkn1beringin.my.id/vendor/laravel/framework/src/Illuminate/Routing/ControllerDispatcher.php(47): App\\Http\\Controllers\\InventarisController->index()
#11 /www/wwwroot/sarpras.tiksmkn1beringin.my.id/vendor/laravel/framework/src/Illuminate/Routing/Route.php(266): Illuminate\\Routing\\ControllerDispatcher->dispatch()
#12 /www/wwwroot/sarpras.tiksmkn1beringin.my.id/vendor/laravel/framework/src/Illuminate/Routing/Route.php(212): Illuminate\\Routing\\Route->runController()
#13 /www/wwwroot/sarpras.tiksmkn1beringin.my.id/vendor/laravel/framework/src/Illuminate/Routing/Router.php(808): Illuminate\\Routing\\Route->run()
#14 /www/wwwroot/sarpras.tiksmkn1beringin.my.id/vendor/laravel/framework/src/Illuminate/Pipeline/Pipeline.php(170): Illuminate\\Routing\\Router->{closure:Illuminate\\Routing\\Router::runRouteWithinStack():807}()
#15 /www/wwwroot/sarpras.tiksmkn1beringin.my.id/vendor/laravel/framework/src/Illuminate/Routing/Middleware/SubstituteBindings.php(51): Illuminate\\Pipeline\\Pipeline->{closure:Illuminate\\Pipeline\\Pipeline::prepareDestination():168}()
#16 /www/wwwroot/sarpras.tiksmkn1beringin.my.id/vendor/laravel/framework/src/Illuminate/Pipeline/Pipeline.php(209): Illuminate\\Routing\\Middleware\\SubstituteBindings->handle()
#17 /www/wwwroot/sarpras.tiksmkn1beringin.my.id/vendor/laravel/framework/src/Illuminate/Foundation/Http/Middleware/VerifyCsrfToken.php(88): Illuminate\\Pipeline\\Pipeline->{closure:{closure:Illuminate\\Pipeline\\Pipeline::carry():184}:185}()
#18 /www/wwwroot/sarpras.tiksmkn1beringin.my.id/vendor/laravel/framework/src/Illuminate/Pipeline/Pipeline.php(209): Illuminate\\Foundation\\Http\\Middleware\\VerifyCsrfToken->handle()
#19 /www/wwwroot/sarpras.tiksmkn1beringin.my.id/vendor/laravel/framework/src/Illuminate/View/Middleware/ShareErrorsFromSession.php(49): Illuminate\\Pipeline\\Pipeline->{closure:{closure:Illuminate\\Pipeline\\Pipeline::carry():184}:185}()
#20 /www/wwwroot/sarpras.tiksmkn1beringin.my.id/vendor/laravel/framework/src/Illuminate/Pipeline/Pipeline.php(209): Illuminate\\View\\Middleware\\ShareErrorsFromSession->handle()
#21 /www/wwwroot/sarpras.tiksmkn1beringin.my.id/vendor/laravel/framework/src/Illuminate/Session/Middleware/StartSession.php(121): Illuminate\\Pipeline\\Pipeline->{closure:{closure:Illuminate\\Pipeline\\Pipeline::carry():184}:185}()
#22 /www/wwwroot/sarpras.tiksmkn1beringin.my.id/vendor/laravel/framework/src/Illuminate/Session/Middleware/StartSession.php(64): Illuminate\\Session\\Middleware\\StartSession->handleStatefulRequest()
#23 /www/wwwroot/sarpras.tiksmkn1beringin.my.id/vendor/laravel/framework/src/Illuminate/Pipeline/Pipeline.php(209): Illuminate\\Session\\Middleware\\StartSession->handle()
#24 /www/wwwroot/sarpras.tiksmkn1beringin.my.id/vendor/laravel/framework/src/Illuminate/Cookie/Middleware/AddQueuedCookiesToResponse.php(37): Illuminate\\Pipeline\\Pipeline->{closure:{closure:Illuminate\\Pipeline\\Pipeline::carry():184}:185}()
#25 /www/wwwroot/sarpras.tiksmkn1beringin.my.id/vendor/laravel/framework/src/Illuminate/Pipeline/Pipeline.php(209): Illuminate\\Cookie\\Middleware\\AddQueuedCookiesToResponse->handle()
#26 /www/wwwroot/sarpras.tiksmkn1beringin.my.id/vendor/laravel/framework/src/Illuminate/Cookie/Middleware/EncryptCookies.php(75): Illuminate\\Pipeline\\Pipeline->{closure:{closure:Illuminate\\Pipeline\\Pipeline::carry():184}:185}()
#27 /www/wwwroot/sarpras.tiksmkn1beringin.my.id/vendor/laravel/framework/src/Illuminate/Pipeline/Pipeline.php(209): Illuminate\\Cookie\\Middleware\\EncryptCookies->handle()
#28 /www/wwwroot/sarpras.tiksmkn1beringin.my.id/vendor/laravel/framework/src/Illuminate/Pipeline/Pipeline.php(127): Illuminate\\Pipeline\\Pipeline->{closure:{closure:Illuminate\\Pipeline\\Pipeline::carry():184}:185}()
#29 /www/wwwroot/sarpras.tiksmkn1beringin.my.id/vendor/laravel/framework/src/Illuminate/Routing/Router.php(807): Illuminate\\Pipeline\\Pipeline->then()
#30 /www/wwwroot/sarpras.tiksmkn1beringin.my.id/vendor/laravel/framework/src/Illuminate/Routing/Router.php(786): Illuminate\\Routing\\Router->runRouteWithinStack()
#31 /www/wwwroot/sarpras.tiksmkn1beringin.my.id/vendor/laravel/framework/src/Illuminate/Routing/Router.php(750): Illuminate\\Routing\\Router->runRoute()
#32 /www/wwwroot/sarpras.tiksmkn1beringin.my.id/vendor/laravel/framework/src/Illuminate/Routing/Router.php(739): Illuminate\\Routing\\Router->dispatchToRoute()
#33 /www/wwwroot/sarpras.tiksmkn1beringin.my.id/vendor/laravel/framework/src/Illuminate/Foundation/Http/Kernel.php(201): Illuminate\\Routing\\Router->dispatch()
#34 /www/wwwroot/sarpras.tiksmkn1beringin.my.id/vendor/laravel/framework/src/Illuminate/Pipeline/Pipeline.php(170): Illuminate\\Foundation\\Http\\Kernel->{closure:Illuminate\\Foundation\\Http\\Kernel::dispatchToRouter():198}()
#35 /www/wwwroot/sarpras.tiksmkn1beringin.my.id/vendor/laravel/framework/src/Illuminate/Foundation/Http/Middleware/TransformsRequest.php(21): Illuminate\\Pipeline\\Pipeline->{closure:Illuminate\\Pipeline\\Pipeline::prepareDestination():168}()
#36 /www/wwwroot/sarpras.tiksmkn1beringin.my.id/vendor/laravel/framework/src/Illuminate/Foundation/Http/Middleware/ConvertEmptyStringsToNull.php(31): Illuminate\\Foundation\\Http\\Middleware\\TransformsRequest->handle()
#37 /www/wwwroot/sarpras.tiksmkn1beringin.my.id/vendor/laravel/framework/src/Illuminate/Pipeline/Pipeline.php(209): Illuminate\\Foundation\\Http\\Middleware\\ConvertEmptyStringsToNull->handle()
#38 /www/wwwroot/sarpras.tiksmkn1beringin.my.id/vendor/laravel/framework/src/Illuminate/Foundation/Http/Middleware/TransformsRequest.php(21): Illuminate\\Pipeline\\Pipeline->{closure:{closure:Illuminate\\Pipeline\\Pipeline::carry():184}:185}()
#39 /www/wwwroot/sarpras.tiksmkn1beringin.my.id/vendor/laravel/framework/src/Illuminate/Foundation/Http/Middleware/TrimStrings.php(51): Illuminate\\Foundation\\Http\\Middleware\\TransformsRequest->handle()
#40 /www/wwwroot/sarpras.tiksmkn1beringin.my.id/vendor/laravel/framework/src/Illuminate/Pipeline/Pipeline.php(209): Illuminate\\Foundation\\Http\\Middleware\\TrimStrings->handle()
#41 /www/wwwroot/sarpras.tiksmkn1beringin.my.id/vendor/laravel/framework/src/Illuminate/Http/Middleware/ValidatePostSize.php(27): Illuminate\\Pipeline\\Pipeline->{closure:{closure:Illuminate\\Pipeline\\Pipeline::carry():184}:185}()
#42 /www/wwwroot/sarpras.tiksmkn1beringin.my.id/vendor/laravel/framework/src/Illuminate/Pipeline/Pipeline.php(209): Illuminate\\Http\\Middleware\\ValidatePostSize->handle()
#43 /www/wwwroot/sarpras.tiksmkn1beringin.my.id/vendor/laravel/framework/src/Illuminate/Foundation/Http/Middleware/PreventRequestsDuringMaintenance.php(110): Illuminate\\Pipeline\\Pipeline->{closure:{closure:Illuminate\\Pipeline\\Pipeline::carry():184}:185}()
#44 /www/wwwroot/sarpras.tiksmkn1beringin.my.id/vendor/laravel/framework/src/Illuminate/Pipeline/Pipeline.php(209): Illuminate\\Foundation\\Http\\Middleware\\PreventRequestsDuringMaintenance->handle()
#45 /www/wwwroot/sarpras.tiksmkn1beringin.my.id/vendor/laravel/framework/src/Illuminate/Http/Middleware/HandleCors.php(49): Illuminate\\Pipeline\\Pipeline->{closure:{closure:Illuminate\\Pipeline\\Pipeline::carry():184}:185}()
#46 /www/wwwroot/sarpras.tiksmkn1beringin.my.id/vendor/laravel/framework/src/Illuminate/Pipeline/Pipeline.php(209): Illuminate\\Http\\Middleware\\HandleCors->handle()
#47 /www/wwwroot/sarpras.tiksmkn1beringin.my.id/vendor/laravel/framework/src/Illuminate/Http/Middleware/TrustProxies.php(58): Illuminate\\Pipeline\\Pipeline->{closure:{closure:Illuminate\\Pipeline\\Pipeline::carry():184}:185}()
#48 /www/wwwroot/sarpras.tiksmkn1beringin.my.id/vendor/laravel/framework/src/Illuminate/Pipeline/Pipeline.php(209): Illuminate\\Http\\Middleware\\TrustProxies->handle()
#49 /www/wwwroot/sarpras.tiksmkn1beringin.my.id/vendor/laravel/framework/src/Illuminate/Foundation/Http/Middleware/InvokeDeferredCallbacks.php(22): Illuminate\\Pipeline\\Pipeline->{closure:{closure:Illuminate\\Pipeline\\Pipeline::carry():184}:185}()
#50 /www/wwwroot/sarpras.tiksmkn1beringin.my.id/vendor/laravel/framework/src/Illuminate/Pipeline/Pipeline.php(209): Illuminate\\Foundation\\Http\\Middleware\\InvokeDeferredCallbacks->handle()
#51 /www/wwwroot/sarpras.tiksmkn1beringin.my.id/vendor/laravel/framework/src/Illuminate/Pipeline/Pipeline.php(127): Illuminate\\Pipeline\\Pipeline->{closure:{closure:Illuminate\\Pipeline\\Pipeline::carry():184}:185}()
#52 /www/wwwroot/sarpras.tiksmkn1beringin.my.id/vendor/laravel/framework/src/Illuminate/Foundation/Http/Kernel.php(176): Illuminate\\Pipeline\\Pipeline->then()
#53 /www/wwwroot/sarpras.tiksmkn1beringin.my.id/vendor/laravel/framework/src/Illuminate/Foundation/Http/Kernel.php(145): Illuminate\\Foundation\\Http\\Kernel->sendRequestThroughRouter()
#54 /www/wwwroot/sarpras.tiksmkn1beringin.my.id/vendor/laravel/framework/src/Illuminate/Foundation/Application.php(1220): Illuminate\\Foundation\\Http\\Kernel->handle()
#55 /www/wwwroot/sarpras.tiksmkn1beringin.my.id/public/index.php(17): Illuminate\\Foundation\\Application->handleRequest()
#56 {main}

[previous exception] [object] (PDOException(code: 1045): SQLSTATE[HY000] [1045] Access denied for user 'sarpras'@'localhost' (using password: YES) at /www/wwwroot/sarpras.tiksmkn1beringin.my.id/vendor/laravel/framework/src/Illuminate/Database/Connectors/Connector.php:67)
[stacktrace]
#0 /www/wwwroot/sarpras.tiksmkn1beringin.my.id/vendor/laravel/framework/src/Illuminate/Database/Connectors/Connector.php(67): PDO::connect()
#1 /www/wwwroot/sarpras.tiksmkn1beringin.my.id/vendor/laravel/framework/src/Illuminate/Database/Connectors/Connector.php(44): Illuminate\\Database\\Connectors\\Connector->createPdoConnection()
#2 /www/wwwroot/sarpras.tiksmkn1beringin.my.id/vendor/laravel/framework/src/Illuminate/Database/Connectors/MySqlConnector.php(24): Illuminate\\Database\\Connectors\\Connector->createConnection()
#3 /www/wwwroot/sarpras.tiksmkn1beringin.my.id/vendor/laravel/framework/src/Illuminate/Database/Connectors/ConnectionFactory.php(185): Illuminate\\Database\\Connectors\\MySqlConnector->connect()
#4 [internal function]: Illuminate\\Database\\Connectors\\ConnectionFactory->{closure:Illuminate\\Database\\Connectors\\ConnectionFactory::createPdoResolverWithHosts():180}()
#5 /www/wwwroot/sarpras.tiksmkn1beringin.my.id/vendor/laravel/framework/src/Illuminate/Database/Connection.php(1231): call_user_func()
#6 /www/wwwroot/sarpras.tiksmkn1beringin.my.id/vendor/laravel/framework/src/Illuminate/Database/Connection.php(1267): Illuminate\\Database\\Connection->getPdo()
#7 /www/wwwroot/sarpras.tiksmkn1beringin.my.id/vendor/laravel/framework/src/Illuminate/Database/Connection.php(512): Illuminate\\Database\\Connection->getReadPdo()
#8 /www/wwwroot/sarpras.tiksmkn1beringin.my.id/vendor/laravel/framework/src/Illuminate/Database/Connection.php(407): Illuminate\\Database\\Connection->getPdoForSelect()
#9 /www/wwwroot/sarpras.tiksmkn1beringin.my.id/vendor/laravel/framework/src/Illuminate/Database/Connection.php(812): Illuminate\\Database\\Connection->{closure:Illuminate\\Database\\Connection::select():398}()
#10 /www/wwwroot/sarpras.tiksmkn1beringin.my.id/vendor/laravel/framework/src/Illuminate/Database/Connection.php(779): Illuminate\\Database\\Connection->runQueryCallback()
#11 /www/wwwroot/sarpras.tiksmkn1beringin.my.id/vendor/laravel/framework/src/Illuminate/Database/Connection.php(398): Illuminate\\Database\\Connection->run()
#12 /www/wwwroot/sarpras.tiksmkn1beringin.my.id/vendor/laravel/framework/src/Illuminate/Database/Query/Builder.php(3106): Illuminate\\Database\\Connection->select()
#13 /www/wwwroot/sarpras.tiksmkn1beringin.my.id/vendor/laravel/framework/src/Illuminate/Database/Query/Builder.php(3091): Illuminate\\Database\\Query\\Builder->runSelect()
#14 /www/wwwroot/sarpras.tiksmkn1beringin.my.id/vendor/laravel/framework/src/Illuminate/Database/Query/Builder.php(3676): Illuminate\\Database\\Query\\Builder->{closure:Illuminate\\Database\\Query\\Builder::get():3090}()
#15 /www/wwwroot/sarpras.tiksmkn1beringin.my.id/vendor/laravel/framework/src/Illuminate/Database/Query/Builder.php(3090): Illuminate\\Database\\Query\\Builder->onceWithColumns()
#16 /www/wwwroot/sarpras.tiksmkn1beringin.my.id/vendor/laravel/framework/src/Illuminate/Database/Query/Builder.php(3285): Illuminate\\Database\\Query\\Builder->get()
#17 /www/wwwroot/sarpras.tiksmkn1beringin.my.id/vendor/laravel/framework/src/Illuminate/Database/Query/Builder.php(3244): Illuminate\\Database\\Query\\Builder->runPaginationCountQuery()
#18 /www/wwwroot/sarpras.tiksmkn1beringin.my.id/vendor/laravel/framework/src/Illuminate/Database/Eloquent/Builder.php(1029): Illuminate\\Database\\Query\\Builder->getCountForPagination()
#19 /www/wwwroot/sarpras.tiksmkn1beringin.my.id/app/Http/Controllers/InventarisController.php(61): Illuminate\\Database\\Eloquent\\Builder->paginate()
#20 /www/wwwroot/sarpras.tiksmkn1beringin.my.id/vendor/laravel/framework/src/Illuminate/Routing/ControllerDispatcher.php(47): App\\Http\\Controllers\\InventarisController->index()
#21 /www/wwwroot/sarpras.tiksmkn1beringin.my.id/vendor/laravel/framework/src/Illuminate/Routing/Route.php(266): Illuminate\\Routing\\ControllerDispatcher->dispatch()
#22 /www/wwwroot/sarpras.tiksmkn1beringin.my.id/vendor/laravel/framework/src/Illuminate/Routing/Route.php(212): Illuminate\\Routing\\Route->runController()
#23 /www/wwwroot/sarpras.tiksmkn1beringin.my.id/vendor/laravel/framework/src/Illuminate/Routing/Router.php(808): Illuminate\\Routing\\Route->run()
#24 /www/wwwroot/sarpras.tiksmkn1beringin.my.id/vendor/laravel/framework/src/Illuminate/Pipeline/Pipeline.php(170): Illuminate\\Routing\\Router->{closure:Illuminate\\Routing\\Router::runRouteWithinStack():807}()
#25 /www/wwwroot/sarpras.tiksmkn1beringin.my.id/vendor/laravel/framework/src/Illuminate/Routing/Middleware/SubstituteBindings.php(51): Illuminate\\Pipeline\\Pipeline->{closure:Illuminate\\Pipeline\\Pipeline::prepareDestination():168}()
#26 /www/wwwroot/sarpras.tiksmkn1beringin.my.id/vendor/laravel/framework/src/Illuminate/Pipeline/Pipeline.php(209): Illuminate\\Routing\\Middleware\\SubstituteBindings->handle()
#27 /www/wwwroot/sarpras.tiksmkn1beringin.my.id/vendor/laravel/framework/src/Illuminate/Foundation/Http/Middleware/VerifyCsrfToken.php(88): Illuminate\\Pipeline\\Pipeline->{closure:{closure:Illuminate\\Pipeline\\Pipeline::carry():184}:185}()
#28 /www/wwwroot/sarpras.tiksmkn1beringin.my.id/vendor/laravel/framework/src/Illuminate/Pipeline/Pipeline.php(209): Illuminate\\Foundation\\Http\\Middleware\\VerifyCsrfToken->handle()
#29 /www/wwwroot/sarpras.tiksmkn1beringin.my.id/vendor/laravel/framework/src/Illuminate/View/Middleware/ShareErrorsFromSession.php(49): Illuminate\\Pipeline\\Pipeline->{closure:{closure:Illuminate\\Pipeline\\Pipeline::carry():184}:185}()
#30 /www/wwwroot/sarpras.tiksmkn1beringin.my.id/vendor/laravel/framework/src/Illuminate/Pipeline/Pipeline.php(209): Illuminate\\View\\Middleware\\ShareErrorsFromSession->handle()
#31 /www/wwwroot/sarpras.tiksmkn1beringin.my.id/vendor/laravel/framework/src/Illuminate/Session/Middleware/StartSession.php(121): Illuminate\\Pipeline\\Pipeline->{closure:{closure:Illuminate\\Pipeline\\Pipeline::carry():184}:185}()
#32 /www/wwwroot/sarpras.tiksmkn1beringin.my.id/vendor/laravel/framework/src/Illuminate/Session/Middleware/StartSession.php(64): Illuminate\\Session\\Middleware\\StartSession->handleStatefulRequest()
#33 /www/wwwroot/sarpras.tiksmkn1beringin.my.id/vendor/laravel/framework/src/Illuminate/Pipeline/Pipeline.php(209): Illuminate\\Session\\Middleware\\StartSession->handle()
#34 /www/wwwroot/sarpras.tiksmkn1beringin.my.id/vendor/laravel/framework/src/Illuminate/Cookie/Middleware/AddQueuedCookiesToResponse.php(37): Illuminate\\Pipeline\\Pipeline->{closure:{closure:Illuminate\\Pipeline\\Pipeline::carry():184}:185}()
#35 /www/wwwroot/sarpras.tiksmkn1beringin.my.id/vendor/laravel/framework/src/Illuminate/Pipeline/Pipeline.php(209): Illuminate\\Cookie\\Middleware\\AddQueuedCookiesToResponse->handle()
#36 /www/wwwroot/sarpras.tiksmkn1beringin.my.id/vendor/laravel/framework/src/Illuminate/Cookie/Middleware/EncryptCookies.php(75): Illuminate\\Pipeline\\Pipeline->{closure:{closure:Illuminate\\Pipeline\\Pipeline::carry():184}:185}()
#37 /www/wwwroot/sarpras.tiksmkn1beringin.my.id/vendor/laravel/framework/src/Illuminate/Pipeline/Pipeline.php(209): Illuminate\\Cookie\\Middleware\\EncryptCookies->handle()
#38 /www/wwwroot/sarpras.tiksmkn1beringin.my.id/vendor/laravel/framework/src/Illuminate/Pipeline/Pipeline.php(127): Illuminate\\Pipeline\\Pipeline->{closure:{closure:Illuminate\\Pipeline\\Pipeline::carry():184}:185}()
#39 /www/wwwroot/sarpras.tiksmkn1beringin.my.id/vendor/laravel/framework/src/Illuminate/Routing/Router.php(807): Illuminate\\Pipeline\\Pipeline->then()
#40 /www/wwwroot/sarpras.tiksmkn1beringin.my.id/vendor/laravel/framework/src/Illuminate/Routing/Router.php(786): Illuminate\\Routing\\Router->runRouteWithinStack()
#41 /www/wwwroot/sarpras.tiksmkn1beringin.my.id/vendor/laravel/framework/src/Illuminate/Routing/Router.php(750): Illuminate\\Routing\\Router->runRoute()
#42 /www/wwwroot/sarpras.tiksmkn1beringin.my.id/vendor/laravel/framework/src/Illuminate/Routing/Router.php(739): Illuminate\\Routing\\Router->dispatchToRoute()
#43 /www/wwwroot/sarpras.tiksmkn1beringin.my.id/vendor/laravel/framework/src/Illuminate/Foundation/Http/Kernel.php(201): Illuminate\\Routing\\Router->dispatch()
#44 /www/wwwroot/sarpras.tiksmkn1beringin.my.id/vendor/laravel/framework/src/Illuminate/Pipeline/Pipeline.php(170): Illuminate\\Foundation\\Http\\Kernel->{closure:Illuminate\\Foundation\\Http\\Kernel::dispatchToRouter():198}()
#45 /www/wwwroot/sarpras.tiksmkn1beringin.my.id/vendor/laravel/framework/src/Illuminate/Foundation/Http/Middleware/TransformsRequest.php(21): Illuminate\\Pipeline\\Pipeline->{closure:Illuminate\\Pipeline\\Pipeline::prepareDestination():168}()
#46 /www/wwwroot/sarpras.tiksmkn1beringin.my.id/vendor/laravel/framework/src/Illuminate/Foundation/Http/Middleware/ConvertEmptyStringsToNull.php(31): Illuminate\\Foundation\\Http\\Middleware\\TransformsRequest->handle()
#47 /www/wwwroot/sarpras.tiksmkn1beringin.my.id/vendor/laravel/framework/src/Illuminate/Pipeline/Pipeline.php(209): Illuminate\\Foundation\\Http\\Middleware\\ConvertEmptyStringsToNull->handle()
#48 /www/wwwroot/sarpras.tiksmkn1beringin.my.id/vendor/laravel/framework/src/Illuminate/Foundation/Http/Middleware/TransformsRequest.php(21): Illuminate\\Pipeline\\Pipeline->{closure:{closure:Illuminate\\Pipeline\\Pipeline::carry():184}:185}()
#49 /www/wwwroot/sarpras.tiksmkn1beringin.my.id/vendor/laravel/framework/src/Illuminate/Foundation/Http/Middleware/TrimStrings.php(51): Illuminate\\Foundation\\Http\\Middleware\\TransformsRequest->handle()
#50 /www/wwwroot/sarpras.tiksmkn1beringin.my.id/vendor/laravel/framework/src/Illuminate/Pipeline/Pipeline.php(209): Illuminate\\Foundation\\Http\\Middleware\\TrimStrings->handle()
#51 /www/wwwroot/sarpras.tiksmkn1beringin.my.id/vendor/laravel/framework/src/Illuminate/Http/Middleware/ValidatePostSize.php(27): Illuminate\\Pipeline\\Pipeline->{closure:{closure:Illuminate\\Pipeline\\Pipeline::carry():184}:185}()
#52 /www/wwwroot/sarpras.tiksmkn1beringin.my.id/vendor/laravel/framework/src/Illuminate/Pipeline/Pipeline.php(209): Illuminate\\Http\\Middleware\\ValidatePostSize->handle()
#53 /www/wwwroot/sarpras.tiksmkn1beringin.my.id/vendor/laravel/framework/src/Illuminate/Foundation/Http/Middleware/PreventRequestsDuringMaintenance.php(110): Illuminate\\Pipeline\\Pipeline->{closure:{closure:Illuminate\\Pipeline\\Pipeline::carry():184}:185}()
#54 /www/wwwroot/sarpras.tiksmkn1beringin.my.id/vendor/laravel/framework/src/Illuminate/Pipeline/Pipeline.php(209): Illuminate\\Foundation\\Http\\Middleware\\PreventRequestsDuringMaintenance->handle()
#55 /www/wwwroot/sarpras.tiksmkn1beringin.my.id/vendor/laravel/framework/src/Illuminate/Http/Middleware/HandleCors.php(49): Illuminate\\Pipeline\\Pipeline->{closure:{closure:Illuminate\\Pipeline\\Pipeline::carry():184}:185}()
#56 /www/wwwroot/sarpras.tiksmkn1beringin.my.id/vendor/laravel/framework/src/Illuminate/Pipeline/Pipeline.php(209): Illuminate\\Http\\Middleware\\HandleCors->handle()
#57 /www/wwwroot/sarpras.tiksmkn1beringin.my.id/vendor/laravel/framework/src/Illuminate/Http/Middleware/TrustProxies.php(58): Illuminate\\Pipeline\\Pipeline->{closure:{closure:Illuminate\\Pipeline\\Pipeline::carry():184}:185}()
#58 /www/wwwroot/sarpras.tiksmkn1beringin.my.id/vendor/laravel/framework/src/Illuminate/Pipeline/Pipeline.php(209): Illuminate\\Http\\Middleware\\TrustProxies->handle()
#59 /www/wwwroot/sarpras.tiksmkn1beringin.my.id/vendor/laravel/framework/src/Illuminate/Foundation/Http/Middleware/InvokeDeferredCallbacks.php(22): Illuminate\\Pipeline\\Pipeline->{closure:{closure:Illuminate\\Pipeline\\Pipeline::carry():184}:185}()
#60 /www/wwwroot/sarpras.tiksmkn1beringin.my.id/vendor/laravel/framework/src/Illuminate/Pipeline/Pipeline.php(209): Illuminate\\Foundation\\Http\\Middleware\\InvokeDeferredCallbacks->handle()
#61 /www/wwwroot/sarpras.tiksmkn1beringin.my.id/vendor/laravel/framework/src/Illuminate/Pipeline/Pipeline.php(127): Illuminate\\Pipeline\\Pipeline->{closure:{closure:Illuminate\\Pipeline\\Pipeline::carry():184}:185}()
#62 /www/wwwroot/sarpras.tiksmkn1beringin.my.id/vendor/laravel/framework/src/Illuminate/Foundation/Http/Kernel.php(176): Illuminate\\Pipeline\\Pipeline->then()
#63 /www/wwwroot/sarpras.tiksmkn1beringin.my.id/vendor/laravel/framework/src/Illuminate/Foundation/Http/Kernel.php(145): Illuminate\\Foundation\\Http\\Kernel->sendRequestThroughRouter()
#64 /www/wwwroot/sarpras.tiksmkn1beringin.my.id/vendor/laravel/framework/src/Illuminate/Foundation/Application.php(1220): Illuminate\\Foundation\\Http\\Kernel->handle()
#65 /www/wwwroot/sarpras.tiksmkn1beringin.my.id/public/index.php(17): Illuminate\\Foundation\\Application->handleRequest()
#66 {main}
"} 
[2026-09-30 07:41:32] production.ERROR: SQLSTATE[HY000] [1045] Access denied for user 'sarpras'@'localhost' (using password: YES) (Connection: mysql, SQL: select exists (select 1 from information_schema.tables where table_schema = 'sarpras' and table_name = 'migrations' and table_type in ('BASE TABLE', 'SYSTEM VERSIONED')) as `exists`) {"exception":"[object] (Illuminate\\Database\\QueryException(code: 1045): SQLSTATE[HY000] [1045] Access denied for user 'sarpras'@'localhost' (using password: YES) (Connection: mysql, SQL: select exists (select 1 from information_schema.tables where table_schema = 'sarpras' and table_name = 'migrations' and table_type in ('BASE TABLE', 'SYSTEM VERSIONED')) as `exists`) at /www/wwwroot/sarpras.tiksmkn1beringin.my.id/vendor/laravel/framework/src/Illuminate/Database/Connection.php:825)
[stacktrace]
#0 /www/wwwroot/sarpras.tiksmkn1beringin.my.id/vendor/laravel/framework/src/Illuminate/Database/Connection.php(779): Illuminate\\Database\\Connection->runQueryCallback()
#1 /www/wwwroot/sarpras.tiksmkn1beringin.my.id/vendor/laravel/framework/src/Illuminate/Database/Connection.php(398): Illuminate\\Database\\Connection->run()
#2 /www/wwwroot/sarpras.tiksmkn1beringin.my.id/vendor/laravel/framework/src/Illuminate/Database/Connection.php(344): Illuminate\\Database\\Connection->select()
#3 /www/wwwroot/sarpras.tiksmkn1beringin.my.id/vendor/laravel/framework/src/Illuminate/Database/Connection.php(361): Illuminate\\Database\\Connection->selectOne()
#4 /www/wwwroot/sarpras.tiksmkn1beringin.my.id/vendor/laravel/framework/src/Illuminate/Database/Schema/MySqlBuilder.php(45): Illuminate\\Database\\Connection->scalar()
#5 /www/wwwroot/sarpras.tiksmkn1beringin.my.id/vendor/laravel/framework/src/Illuminate/Database/Migrations/DatabaseMigrationRepository.php(184): Illuminate\\Database\\Schema\\MySqlBuilder->hasTable()
#6 /www/wwwroot/sarpras.tiksmkn1beringin.my.id/vendor/laravel/framework/src/Illuminate/Database/Migrations/Migrator.php(742): Illuminate\\Database\\Migrations\\DatabaseMigrationRepository->repositoryExists()
#7 /www/wwwroot/sarpras.tiksmkn1beringin.my.id/vendor/laravel/framework/src/Illuminate/Database/Console/Migrations/MigrateCommand.php(165): Illuminate\\Database\\Migrations\\Migrator->repositoryExists()
#8 /www/wwwroot/sarpras.tiksmkn1beringin.my.id/vendor/laravel/framework/src/Illuminate/Support/helpers.php(338): Illuminate\\Database\\Console\\Migrations\\MigrateCommand->{closure:Illuminate\\Database\\Console\\Migrations\\MigrateCommand::repositoryExists():165}()
#9 /www/wwwroot/sarpras.tiksmkn1beringin.my.id/vendor/laravel/framework/src/Illuminate/Database/Console/Migrations/MigrateCommand.php(165): retry()
#10 /www/wwwroot/sarpras.tiksmkn1beringin.my.id/vendor/laravel/framework/src/Illuminate/Database/Console/Migrations/MigrateCommand.php(141): Illuminate\\Database\\Console\\Migrations\\MigrateCommand->repositoryExists()
#11 /www/wwwroot/sarpras.tiksmkn1beringin.my.id/vendor/laravel/framework/src/Illuminate/Database/Console/Migrations/MigrateCommand.php(111): Illuminate\\Database\\Console\\Migrations\\MigrateCommand->prepareDatabase()
#12 /www/wwwroot/sarpras.tiksmkn1beringin.my.id/vendor/laravel/framework/src/Illuminate/Database/Migrations/Migrator.php(658): Illuminate\\Database\\Console\\Migrations\\MigrateCommand->{closure:Illuminate\\Database\\Console\\Migrations\\MigrateCommand::runMigrations():110}()
#13 /www/wwwroot/sarpras.tiksmkn1beringin.my.id/vendor/laravel/framework/src/Illuminate/Database/Console/Migrations/MigrateCommand.php(110): Illuminate\\Database\\Migrations\\Migrator->usingConnection()
#14 /www/wwwroot/sarpras.tiksmkn1beringin.my.id/vendor/laravel/framework/src/Illuminate/Database/Console/Migrations/MigrateCommand.php(89): Illuminate\\Database\\Console\\Migrations\\MigrateCommand->runMigrations()
#15 /www/wwwroot/sarpras.tiksmkn1beringin.my.id/vendor/laravel/framework/src/Illuminate/Container/BoundMethod.php(36): Illuminate\\Database\\Console\\Migrations\\MigrateCommand->handle()
#16 /www/wwwroot/sarpras.tiksmkn1beringin.my.id/vendor/laravel/framework/src/Illuminate/Container/Util.php(43): Illuminate\\Container\\BoundMethod::{closure:Illuminate\\Container\\BoundMethod::call():35}()
#17 /www/wwwroot/sarpras.tiksmkn1beringin.my.id/vendor/laravel/framework/src/Illuminate/Container/BoundMethod.php(95): Illuminate\\Container\\Util::unwrapIfClosure()
#18 /www/wwwroot/sarpras.tiksmkn1beringin.my.id/vendor/laravel/framework/src/Illuminate/Container/BoundMethod.php(35): Illuminate\\Container\\BoundMethod::callBoundMethod()
#19 /www/wwwroot/sarpras.tiksmkn1beringin.my.id/vendor/laravel/framework/src/Illuminate/Container/Container.php(696): Illuminate\\Container\\BoundMethod::call()
#20 /www/wwwroot/sarpras.tiksmkn1beringin.my.id/vendor/laravel/framework/src/Illuminate/Console/Command.php(213): Illuminate\\Container\\Container->call()
#21 /www/wwwroot/sarpras.tiksmkn1beringin.my.id/vendor/symfony/console/Command/Command.php(341): Illuminate\\Console\\Command->execute()
#22 /www/wwwroot/sarpras.tiksmkn1beringin.my.id/vendor/laravel/framework/src/Illuminate/Console/Command.php(182): Symfony\\Component\\Console\\Command\\Command->run()
#23 /www/wwwroot/sarpras.tiksmkn1beringin.my.id/vendor/symfony/console/Application.php(1117): Illuminate\\Console\\Command->run()
#24 /www/wwwroot/sarpras.tiksmkn1beringin.my.id/vendor/symfony/console/Application.php(356): Symfony\\Component\\Console\\Application->doRunCommand()
#25 /www/wwwroot/sarpras.tiksmkn1beringin.my.id/vendor/symfony/console/Application.php(195): Symfony\\Component\\Console\\Application->doRun()
#26 /www/wwwroot/sarpras.tiksmkn1beringin.my.id/vendor/laravel/framework/src/Illuminate/Foundation/Console/Kernel.php(198): Symfony\\Component\\Console\\Application->run()
#27 /www/wwwroot/sarpras.tiksmkn1beringin.my.id/vendor/laravel/framework/src/Illuminate/Foundation/Application.php(1235): Illuminate\\Foundation\\Console\\Kernel->handle()
#28 /www/wwwroot/sarpras.tiksmkn1beringin.my.id/artisan(13): Illuminate\\Foundation\\Application->handleCommand()
#29 {main}

[previous exception] [object] (PDOException(code: 1045): SQLSTATE[HY000] [1045] Access denied for user 'sarpras'@'localhost' (using password: YES) at /www/wwwroot/sarpras.tiksmkn1beringin.my.id/vendor/laravel/framework/src/Illuminate/Database/Connectors/Connector.php:67)
[stacktrace]
#0 /www/wwwroot/sarpras.tiksmkn1beringin.my.id/vendor/laravel/framework/src/Illuminate/Database/Connectors/Connector.php(67): PDO::connect()
#1 /www/wwwroot/sarpras.tiksmkn1beringin.my.id/vendor/laravel/framework/src/Illuminate/Database/Connectors/Connector.php(44): Illuminate\\Database\\Connectors\\Connector->createPdoConnection()
#2 /www/wwwroot/sarpras.tiksmkn1beringin.my.id/vendor/laravel/framework/src/Illuminate/Database/Connectors/MySqlConnector.php(24): Illuminate\\Database\\Connectors\\Connector->createConnection()
#3 /www/wwwroot/sarpras.tiksmkn1beringin.my.id/vendor/laravel/framework/src/Illuminate/Database/Connectors/ConnectionFactory.php(185): Illuminate\\Database\\Connectors\\MySqlConnector->connect()
#4 [internal function]: Illuminate\\Database\\Connectors\\ConnectionFactory->{closure:Illuminate\\Database\\Connectors\\ConnectionFactory::createPdoResolverWithHosts():180}()
#5 /www/wwwroot/sarpras.tiksmkn1beringin.my.id/vendor/laravel/framework/src/Illuminate/Database/Connection.php(1231): call_user_func()
#6 /www/wwwroot/sarpras.tiksmkn1beringin.my.id/vendor/laravel/framework/src/Illuminate/Database/Connection.php(1267): Illuminate\\Database\\Connection->getPdo()
#7 /www/wwwroot/sarpras.tiksmkn1beringin.my.id/vendor/laravel/framework/src/Illuminate/Database/Connection.php(512): Illuminate\\Database\\Connection->getReadPdo()
#8 /www/wwwroot/sarpras.tiksmkn1beringin.my.id/vendor/laravel/framework/src/Illuminate/Database/Connection.php(407): Illuminate\\Database\\Connection->getPdoForSelect()
#9 /www/wwwroot/sarpras.tiksmkn1beringin.my.id/vendor/laravel/framework/src/Illuminate/Database/Connection.php(812): Illuminate\\Database\\Connection->{closure:Illuminate\\Database\\Connection::select():398}()
#10 /www/wwwroot/sarpras.tiksmkn1beringin.my.id/vendor/laravel/framework/src/Illuminate/Database/Connection.php(779): Illuminate\\Database\\Connection->runQueryCallback()
#11 /www/wwwroot/sarpras.tiksmkn1beringin.my.id/vendor/laravel/framework/src/Illuminate/Database/Connection.php(398): Illuminate\\Database\\Connection->run()
#12 /www/wwwroot/sarpras.tiksmkn1beringin.my.id/vendor/laravel/framework/src/Illuminate/Database/Connection.php(344): Illuminate\\Database\\Connection->select()
#13 /www/wwwroot/sarpras.tiksmkn1beringin.my.id/vendor/laravel/framework/src/Illuminate/Database/Connection.php(361): Illuminate\\Database\\Connection->selectOne()
#14 /www/wwwroot/sarpras.tiksmkn1beringin.my.id/vendor/laravel/framework/src/Illuminate/Database/Schema/MySqlBuilder.php(45): Illuminate\\Database\\Connection->scalar()
#15 /www/wwwroot/sarpras.tiksmkn1beringin.my.id/vendor/laravel/framework/src/Illuminate/Database/Migrations/DatabaseMigrationRepository.php(184): Illuminate\\Database\\Schema\\MySqlBuilder->hasTable()
#16 /www/wwwroot/sarpras.tiksmkn1beringin.my.id/vendor/laravel/framework/src/Illuminate/Database/Migrations/Migrator.php(742): Illuminate\\Database\\Migrations\\DatabaseMigrationRepository->repositoryExists()
#17 /www/wwwroot/sarpras.tiksmkn1beringin.my.id/vendor/laravel/framework/src/Illuminate/Database/Console/Migrations/MigrateCommand.php(165): Illuminate\\Database\\Migrations\\Migrator->repositoryExists()
#18 /www/wwwroot/sarpras.tiksmkn1beringin.my.id/vendor/laravel/framework/src/Illuminate/Support/helpers.php(338): Illuminate\\Database\\Console\\Migrations\\MigrateCommand->{closure:Illuminate\\Database\\Console\\Migrations\\MigrateCommand::repositoryExists():165}()
#19 /www/wwwroot/sarpras.tiksmkn1beringin.my.id/vendor/laravel/framework/src/Illuminate/Database/Console/Migrations/MigrateCommand.php(165): retry()
#20 /www/wwwroot/sarpras.tiksmkn1beringin.my.id/vendor/laravel/framework/src/Illuminate/Database/Console/Migrations/MigrateCommand.php(141): Illuminate\\Database\\Console\\Migrations\\MigrateCommand->repositoryExists()
#21 /www/wwwroot/sarpras.tiksmkn1beringin.my.id/vendor/laravel/framework/src/Illuminate/Database/Console/Migrations/MigrateCommand.php(111): Illuminate\\Database\\Console\\Migrations\\MigrateCommand->prepareDatabase()
#22 /www/wwwroot/sarpras.tiksmkn1beringin.my.id/vendor/laravel/framework/src/Illuminate/Database/Migrations/Migrator.php(658): Illuminate\\Database\\Console\\Migrations\\MigrateCommand->{closure:Illuminate\\Database\\Console\\Migrations\\MigrateCommand::runMigrations():110}()
#23 /www/wwwroot/sarpras.tiksmkn1beringin.my.id/vendor/laravel/framework/src/Illuminate/Database/Console/Migrations/MigrateCommand.php(110): Illuminate\\Database\\Migrations\\Migrator->usingConnection()
#24 /www/wwwroot/sarpras.tiksmkn1beringin.my.id/vendor/laravel/framework/src/Illuminate/Database/Console/Migrations/MigrateCommand.php(89): Illuminate\\Database\\Console\\Migrations\\MigrateCommand->runMigrations()
#25 /www/wwwroot/sarpras.tiksmkn1beringin.my.id/vendor/laravel/framework/src/Illuminate/Container/BoundMethod.php(36): Illuminate\\Database\\Console\\Migrations\\MigrateCommand->handle()
#26 /www/wwwroot/sarpras.tiksmkn1beringin.my.id/vendor/laravel/framework/src/Illuminate/Container/Util.php(43): Illuminate\\Container\\BoundMethod::{closure:Illuminate\\Container\\BoundMethod::call():35}()
#27 /www/wwwroot/sarpras.tiksmkn1beringin.my.id/vendor/laravel/framework/src/Illuminate/Container/BoundMethod.php(95): Illuminate\\Container\\Util::unwrapIfClosure()
#28 /www/wwwroot/sarpras.tiksmkn1beringin.my.id/vendor/laravel/framework/src/Illuminate/Container/BoundMethod.php(35): Illuminate\\Container\\BoundMethod::callBoundMethod()
#29 /www/wwwroot/sarpras.tiksmkn1beringin.my.id/vendor/laravel/framework/src/Illuminate/Container/Container.php(696): Illuminate\\Container\\BoundMethod::call()
#30 /www/wwwroot/sarpras.tiksmkn1beringin.my.id/vendor/laravel/framework/src/Illuminate/Console/Command.php(213): Illuminate\\Container\\Container->call()
#31 /www/wwwroot/sarpras.tiksmkn1beringin.my.id/vendor/symfony/console/Command/Command.php(341): Illuminate\\Console\\Command->execute()
#32 /www/wwwroot/sarpras.tiksmkn1beringin.my.id/vendor/laravel/framework/src/Illuminate/Console/Command.php(182): Symfony\\Component\\Console\\Command\\Command->run()
#33 /www/wwwroot/sarpras.tiksmkn1beringin.my.id/vendor/symfony/console/Application.php(1117): Illuminate\\Console\\Command->run()
#34 /www/wwwroot/sarpras.tiksmkn1beringin.my.id/vendor/symfony/console/Application.php(356): Symfony\\Component\\Console\\Application->doRunCommand()
#35 /www/wwwroot/sarpras.tiksmkn1beringin.my.id/vendor/symfony/console/Application.php(195): Symfony\\Component\\Console\\Application->doRun()
#36 /www/wwwroot/sarpras.tiksmkn1beringin.my.id/vendor/laravel/framework/src/Illuminate/Foundation/Console/Kernel.php(198): Symfony\\Component\\Console\\Application->run()
#37 /www/wwwroot/sarpras.tiksmkn1beringin.my.id/vendor/laravel/framework/src/Illuminate/Foundation/Application.php(1235): Illuminate\\Foundation\\Console\\Kernel->handle()
#38 /www/wwwroot/sarpras.tiksmkn1beringin.my.id/artisan(13): Illuminate\\Foundation\\Application->handleCommand()
#39 {main}
"} 
[2026-09-30 08:02:26] production.ERROR: could not find driver (Connection: mysql, SQL: select exists (select 1 from information_schema.tables where table_schema = 'sarpras_tiksmkn1' and table_name = 'migrations' and table_type in ('BASE TABLE', 'SYSTEM VERSIONED')) as `exists`) {"exception":"[object] (Illuminate\\Database\\QueryException(code: 0): could not find driver (Connection: mysql, SQL: select exists (select 1 from information_schema.tables where table_schema = 'sarpras_tiksmkn1' and table_name = 'migrations' and table_type in ('BASE TABLE', 'SYSTEM VERSIONED')) as `exists`) at /www/wwwroot/sarpras.tiksmkn1beringin.my.id/vendor/laravel/framework/src/Illuminate/Database/Connection.php:825)
[stacktrace]
#0 /www/wwwroot/sarpras.tiksmkn1beringin.my.id/vendor/laravel/framework/src/Illuminate/Database/Connection.php(779): Illuminate\\Database\\Connection->runQueryCallback()
#1 /www/wwwroot/sarpras.tiksmkn1beringin.my.id/vendor/laravel/framework/src/Illuminate/Database/Connection.php(398): Illuminate\\Database\\Connection->run()
#2 /www/wwwroot/sarpras.tiksmkn1beringin.my.id/vendor/laravel/framework/src/Illuminate/Database/Connection.php(344): Illuminate\\Database\\Connection->select()
#3 /www/wwwroot/sarpras.tiksmkn1beringin.my.id/vendor/laravel/framework/src/Illuminate/Database/Connection.php(361): Illuminate\\Database\\Connection->selectOne()
#4 /www/wwwroot/sarpras.tiksmkn1beringin.my.id/vendor/laravel/framework/src/Illuminate/Database/Schema/MySqlBuilder.php(45): Illuminate\\Database\\Connection->scalar()
#5 /www/wwwroot/sarpras.tiksmkn1beringin.my.id/vendor/laravel/framework/src/Illuminate/Database/Migrations/DatabaseMigrationRepository.php(184): Illuminate\\Database\\Schema\\MySqlBuilder->hasTable()
#6 /www/wwwroot/sarpras.tiksmkn1beringin.my.id/vendor/laravel/framework/src/Illuminate/Database/Migrations/Migrator.php(742): Illuminate\\Database\\Migrations\\DatabaseMigrationRepository->repositoryExists()
#7 /www/wwwroot/sarpras.tiksmkn1beringin.my.id/vendor/laravel/framework/src/Illuminate/Database/Console/Migrations/StatusCommand.php(56): Illuminate\\Database\\Migrations\\Migrator->repositoryExists()
#8 /www/wwwroot/sarpras.tiksmkn1beringin.my.id/vendor/laravel/framework/src/Illuminate/Database/Migrations/Migrator.php(658): Illuminate\\Database\\Console\\Migrations\\StatusCommand->Illuminate\\Database\\Console\\Migrations\\{closure}()
#9 /www/wwwroot/sarpras.tiksmkn1beringin.my.id/vendor/laravel/framework/src/Illuminate/Database/Console/Migrations/StatusCommand.php(55): Illuminate\\Database\\Migrations\\Migrator->usingConnection()
#10 /www/wwwroot/sarpras.tiksmkn1beringin.my.id/vendor/laravel/framework/src/Illuminate/Container/BoundMethod.php(36): Illuminate\\Database\\Console\\Migrations\\StatusCommand->handle()
#11 /www/wwwroot/sarpras.tiksmkn1beringin.my.id/vendor/laravel/framework/src/Illuminate/Container/Util.php(43): Illuminate\\Container\\BoundMethod::Illuminate\\Container\\{closure}()
#12 /www/wwwroot/sarpras.tiksmkn1beringin.my.id/vendor/laravel/framework/src/Illuminate/Container/BoundMethod.php(95): Illuminate\\Container\\Util::unwrapIfClosure()
#13 /www/wwwroot/sarpras.tiksmkn1beringin.my.id/vendor/laravel/framework/src/Illuminate/Container/BoundMethod.php(35): Illuminate\\Container\\BoundMethod::callBoundMethod()
#14 /www/wwwroot/sarpras.tiksmkn1beringin.my.id/vendor/laravel/framework/src/Illuminate/Container/Container.php(696): Illuminate\\Container\\BoundMethod::call()
#15 /www/wwwroot/sarpras.tiksmkn1beringin.my.id/vendor/laravel/framework/src/Illuminate/Console/Command.php(213): Illuminate\\Container\\Container->call()
#16 /www/wwwroot/sarpras.tiksmkn1beringin.my.id/vendor/symfony/console/Command/Command.php(341): Illuminate\\Console\\Command->execute()
#17 /www/wwwroot/sarpras.tiksmkn1beringin.my.id/vendor/laravel/framework/src/Illuminate/Console/Command.php(182): Symfony\\Component\\Console\\Command\\Command->run()
#18 /www/wwwroot/sarpras.tiksmkn1beringin.my.id/vendor/symfony/console/Application.php(1117): Illuminate\\Console\\Command->run()
#19 /www/wwwroot/sarpras.tiksmkn1beringin.my.id/vendor/symfony/console/Application.php(356): Symfony\\Component\\Console\\Application->doRunCommand()
#20 /www/wwwroot/sarpras.tiksmkn1beringin.my.id/vendor/symfony/console/Application.php(195): Symfony\\Component\\Console\\Application->doRun()
#21 /www/wwwroot/sarpras.tiksmkn1beringin.my.id/vendor/laravel/framework/src/Illuminate/Foundation/Console/Kernel.php(198): Symfony\\Component\\Console\\Application->run()
#22 /www/wwwroot/sarpras.tiksmkn1beringin.my.id/vendor/laravel/framework/src/Illuminate/Foundation/Application.php(1235): Illuminate\\Foundation\\Console\\Kernel->handle()
#23 /www/wwwroot/sarpras.tiksmkn1beringin.my.id/artisan(13): Illuminate\\Foundation\\Application->handleCommand()
#24 {main}

[previous exception] [object] (PDOException(code: 0): could not find driver at /www/wwwroot/sarpras.tiksmkn1beringin.my.id/vendor/laravel/framework/src/Illuminate/Database/Connectors/Connector.php:66)
[stacktrace]
#0 /www/wwwroot/sarpras.tiksmkn1beringin.my.id/vendor/laravel/framework/src/Illuminate/Database/Connectors/Connector.php(66): PDO->__construct()
#1 /www/wwwroot/sarpras.tiksmkn1beringin.my.id/vendor/laravel/framework/src/Illuminate/Database/Connectors/Connector.php(44): Illuminate\\Database\\Connectors\\Connector->createPdoConnection()
#2 /www/wwwroot/sarpras.tiksmkn1beringin.my.id/vendor/laravel/framework/src/Illuminate/Database/Connectors/MySqlConnector.php(24): Illuminate\\Database\\Connectors\\Connector->createConnection()
#3 /www/wwwroot/sarpras.tiksmkn1beringin.my.id/vendor/laravel/framework/src/Illuminate/Database/Connectors/ConnectionFactory.php(185): Illuminate\\Database\\Connectors\\MySqlConnector->connect()
#4 [internal function]: Illuminate\\Database\\Connectors\\ConnectionFactory->Illuminate\\Database\\Connectors\\{closure}()
#5 /www/wwwroot/sarpras.tiksmkn1beringin.my.id/vendor/laravel/framework/src/Illuminate/Database/Connection.php(1231): call_user_func()
#6 /www/wwwroot/sarpras.tiksmkn1beringin.my.id/vendor/laravel/framework/src/Illuminate/Database/Connection.php(1267): Illuminate\\Database\\Connection->getPdo()
#7 /www/wwwroot/sarpras.tiksmkn1beringin.my.id/vendor/laravel/framework/src/Illuminate/Database/Connection.php(512): Illuminate\\Database\\Connection->getReadPdo()
#8 /www/wwwroot/sarpras.tiksmkn1beringin.my.id/vendor/laravel/framework/src/Illuminate/Database/Connection.php(407): Illuminate\\Database\\Connection->getPdoForSelect()
#9 /www/wwwroot/sarpras.tiksmkn1beringin.my.id/vendor/laravel/framework/src/Illuminate/Database/Connection.php(812): Illuminate\\Database\\Connection->Illuminate\\Database\\{closure}()
#10 /www/wwwroot/sarpras.tiksmkn1beringin.my.id/vendor/laravel/framework/src/Illuminate/Database/Connection.php(779): Illuminate\\Database\\Connection->runQueryCallback()
#11 /www/wwwroot/sarpras.tiksmkn1beringin.my.id/vendor/laravel/framework/src/Illuminate/Database/Connection.php(398): Illuminate\\Database\\Connection->run()
#12 /www/wwwroot/sarpras.tiksmkn1beringin.my.id/vendor/laravel/framework/src/Illuminate/Database/Connection.php(344): Illuminate\\Database\\Connection->select()
#13 /www/wwwroot/sarpras.tiksmkn1beringin.my.id/vendor/laravel/framework/src/Illuminate/Database/Connection.php(361): Illuminate\\Database\\Connection->selectOne()
#14 /www/wwwroot/sarpras.tiksmkn1beringin.my.id/vendor/laravel/framework/src/Illuminate/Database/Schema/MySqlBuilder.php(45): Illuminate\\Database\\Connection->scalar()
#15 /www/wwwroot/sarpras.tiksmkn1beringin.my.id/vendor/laravel/framework/src/Illuminate/Database/Migrations/DatabaseMigrationRepository.php(184): Illuminate\\Database\\Schema\\MySqlBuilder->hasTable()
#16 /www/wwwroot/sarpras.tiksmkn1beringin.my.id/vendor/laravel/framework/src/Illuminate/Database/Migrations/Migrator.php(742): Illuminate\\Database\\Migrations\\DatabaseMigrationRepository->repositoryExists()
#17 /www/wwwroot/sarpras.tiksmkn1beringin.my.id/vendor/laravel/framework/src/Illuminate/Database/Console/Migrations/StatusCommand.php(56): Illuminate\\Database\\Migrations\\Migrator->repositoryExists()
#18 /www/wwwroot/sarpras.tiksmkn1beringin.my.id/vendor/laravel/framework/src/Illuminate/Database/Migrations/Migrator.php(658): Illuminate\\Database\\Console\\Migrations\\StatusCommand->Illuminate\\Database\\Console\\Migrations\\{closure}()
#19 /www/wwwroot/sarpras.tiksmkn1beringin.my.id/vendor/laravel/framework/src/Illuminate/Database/Console/Migrations/StatusCommand.php(55): Illuminate\\Database\\Migrations\\Migrator->usingConnection()
#20 /www/wwwroot/sarpras.tiksmkn1beringin.my.id/vendor/laravel/framework/src/Illuminate/Container/BoundMethod.php(36): Illuminate\\Database\\Console\\Migrations\\StatusCommand->handle()
#21 /www/wwwroot/sarpras.tiksmkn1beringin.my.id/vendor/laravel/framework/src/Illuminate/Container/Util.php(43): Illuminate\\Container\\BoundMethod::Illuminate\\Container\\{closure}()
#22 /www/wwwroot/sarpras.tiksmkn1beringin.my.id/vendor/laravel/framework/src/Illuminate/Container/BoundMethod.php(95): Illuminate\\Container\\Util::unwrapIfClosure()
#23 /www/wwwroot/sarpras.tiksmkn1beringin.my.id/vendor/laravel/framework/src/Illuminate/Container/BoundMethod.php(35): Illuminate\\Container\\BoundMethod::callBoundMethod()
#24 /www/wwwroot/sarpras.tiksmkn1beringin.my.id/vendor/laravel/framework/src/Illuminate/Container/Container.php(696): Illuminate\\Container\\BoundMethod::call()
#25 /www/wwwroot/sarpras.tiksmkn1beringin.my.id/vendor/laravel/framework/src/Illuminate/Console/Command.php(213): Illuminate\\Container\\Container->call()
#26 /www/wwwroot/sarpras.tiksmkn1beringin.my.id/vendor/symfony/console/Command/Command.php(341): Illuminate\\Console\\Command->execute()
#27 /www/wwwroot/sarpras.tiksmkn1beringin.my.id/vendor/laravel/framework/src/Illuminate/Console/Command.php(182): Symfony\\Component\\Console\\Command\\Command->run()
#28 /www/wwwroot/sarpras.tiksmkn1beringin.my.id/vendor/symfony/console/Application.php(1117): Illuminate\\Console\\Command->run()
#29 /www/wwwroot/sarpras.tiksmkn1beringin.my.id/vendor/symfony/console/Application.php(356): Symfony\\Component\\Console\\Application->doRunCommand()
#30 /www/wwwroot/sarpras.tiksmkn1beringin.my.id/vendor/symfony/console/Application.php(195): Symfony\\Component\\Console\\Application->doRun()
#31 /www/wwwroot/sarpras.tiksmkn1beringin.my.id/vendor/laravel/framework/src/Illuminate/Foundation/Console/Kernel.php(198): Symfony\\Component\\Console\\Application->run()
#32 /www/wwwroot/sarpras.tiksmkn1beringin.my.id/vendor/laravel/framework/src/Illuminate/Foundation/Application.php(1235): Illuminate\\Foundation\\Console\\Kernel->handle()
#33 /www/wwwroot/sarpras.tiksmkn1beringin.my.id/artisan(13): Illuminate\\Foundation\\Application->handleCommand()
#34 {main}
"} 
[2026-09-30 08:42:23] production.ERROR: PHP Parse error: Syntax error, unexpected '}', expecting EOF on line 6 {"exception":"[object] (Psy\\Exception\\ParseErrorException(code: 0): PHP Parse error: Syntax error, unexpected '}', expecting EOF on line 6 at /www/wwwroot/sarpras.tiksmkn1beringin.my.id/vendor/psy/psysh/src/Exception/ParseErrorException.php:44)
[stacktrace]
#0 /www/wwwroot/sarpras.tiksmkn1beringin.my.id/vendor/psy/psysh/src/CodeCleaner.php(657): Psy\\Exception\\ParseErrorException::fromParseError()
#1 /www/wwwroot/sarpras.tiksmkn1beringin.my.id/vendor/psy/psysh/src/CodeCleaner.php(273): Psy\\CodeCleaner->parse()
#2 /www/wwwroot/sarpras.tiksmkn1beringin.my.id/vendor/psy/psysh/src/Shell.php(1399): Psy\\CodeCleaner->clean()
#3 /www/wwwroot/sarpras.tiksmkn1beringin.my.id/vendor/psy/psysh/src/Shell.php(1506): Psy\\Shell->appendCode()
#4 /www/wwwroot/sarpras.tiksmkn1beringin.my.id/vendor/psy/psysh/src/Shell.php(2215): Psy\\Shell->setCode()
#5 /www/wwwroot/sarpras.tiksmkn1beringin.my.id/vendor/laravel/tinker/src/Console/TinkerCommand.php(77): Psy\\Shell->execute()
#6 /www/wwwroot/sarpras.tiksmkn1beringin.my.id/vendor/laravel/framework/src/Illuminate/Container/BoundMethod.php(36): Laravel\\Tinker\\Console\\TinkerCommand->handle()
#7 /www/wwwroot/sarpras.tiksmkn1beringin.my.id/vendor/laravel/framework/src/Illuminate/Container/Util.php(43): Illuminate\\Container\\BoundMethod::{closure:Illuminate\\Container\\BoundMethod::call():35}()
#8 /www/wwwroot/sarpras.tiksmkn1beringin.my.id/vendor/laravel/framework/src/Illuminate/Container/BoundMethod.php(95): Illuminate\\Container\\Util::unwrapIfClosure()
#9 /www/wwwroot/sarpras.tiksmkn1beringin.my.id/vendor/laravel/framework/src/Illuminate/Container/BoundMethod.php(35): Illuminate\\Container\\BoundMethod::callBoundMethod()
#10 /www/wwwroot/sarpras.tiksmkn1beringin.my.id/vendor/laravel/framework/src/Illuminate/Container/Container.php(696): Illuminate\\Container\\BoundMethod::call()
#11 /www/wwwroot/sarpras.tiksmkn1beringin.my.id/vendor/laravel/framework/src/Illuminate/Console/Command.php(213): Illuminate\\Container\\Container->call()
#12 /www/wwwroot/sarpras.tiksmkn1beringin.my.id/vendor/symfony/console/Command/Command.php(341): Illuminate\\Console\\Command->execute()
#13 /www/wwwroot/sarpras.tiksmkn1beringin.my.id/vendor/laravel/framework/src/Illuminate/Console/Command.php(182): Symfony\\Component\\Console\\Command\\Command->run()
#14 /www/wwwroot/sarpras.tiksmkn1beringin.my.id/vendor/symfony/console/Application.php(1117): Illuminate\\Console\\Command->run()
#15 /www/wwwroot/sarpras.tiksmkn1beringin.my.id/vendor/symfony/console/Application.php(356): Symfony\\Component\\Console\\Application->doRunCommand()
#16 /www/wwwroot/sarpras.tiksmkn1beringin.my.id/vendor/symfony/console/Application.php(195): Symfony\\Component\\Console\\Application->doRun()
#17 /www/wwwroot/sarpras.tiksmkn1beringin.my.id/vendor/laravel/framework/src/Illuminate/Foundation/Console/Kernel.php(198): Symfony\\Component\\Console\\Application->run()
#18 /www/wwwroot/sarpras.tiksmkn1beringin.my.id/vendor/laravel/framework/src/Illuminate/Foundation/Application.php(1235): Illuminate\\Foundation\\Console\\Kernel->handle()
#19 /www/wwwroot/sarpras.tiksmkn1beringin.my.id/artisan(13): Illuminate\\Foundation\\Application->handleCommand()
#20 {main}
"} 
[2026-09-30 10:55:49] testing.ERROR: SQLSTATE[HY000]: General error: 1 no such function: YEAR (Connection: sqlite, SQL: select distinct YEAR(tanggal_perolehan) as th from "inventaris_barangs" where "tanggal_perolehan" is not null) {"userId":1,"exception":"[object] (Illuminate\\Database\\QueryException(code: HY000): SQLSTATE[HY000]: General error: 1 no such function: YEAR (Connection: sqlite, SQL: select distinct YEAR(tanggal_perolehan) as th from \"inventaris_barangs\" where \"tanggal_perolehan\" is not null) at /www/wwwroot/sarpras.tiksmkn1beringin.my.id/vendor/laravel/framework/src/Illuminate/Database/Connection.php:825)
[stacktrace]
#0 /www/wwwroot/sarpras.tiksmkn1beringin.my.id/vendor/laravel/framework/src/Illuminate/Database/Connection.php(779): Illuminate\\Database\\Connection->runQueryCallback()
#1 /www/wwwroot/sarpras.tiksmkn1beringin.my.id/vendor/laravel/framework/src/Illuminate/Database/Connection.php(398): Illuminate\\Database\\Connection->run()
#2 /www/wwwroot/sarpras.tiksmkn1beringin.my.id/vendor/laravel/framework/src/Illuminate/Database/Query/Builder.php(3106): Illuminate\\Database\\Connection->select()
#3 /www/wwwroot/sarpras.tiksmkn1beringin.my.id/vendor/laravel/framework/src/Illuminate/Database/Query/Builder.php(3362): Illuminate\\Database\\Query\\Builder->runSelect()
#4 /www/wwwroot/sarpras.tiksmkn1beringin.my.id/vendor/laravel/framework/src/Illuminate/Database/Query/Builder.php(3676): Illuminate\\Database\\Query\\Builder->{closure:Illuminate\\Database\\Query\\Builder::pluck():3360}()
#5 /www/wwwroot/sarpras.tiksmkn1beringin.my.id/vendor/laravel/framework/src/Illuminate/Database/Query/Builder.php(3358): Illuminate\\Database\\Query\\Builder->onceWithColumns()
#6 /www/wwwroot/sarpras.tiksmkn1beringin.my.id/vendor/laravel/framework/src/Illuminate/Database/Eloquent/Builder.php(991): Illuminate\\Database\\Query\\Builder->pluck()
#7 /www/wwwroot/sarpras.tiksmkn1beringin.my.id/app/Http/Controllers/InventarisController.php(81): Illuminate\\Database\\Eloquent\\Builder->pluck()
#8 /www/wwwroot/sarpras.tiksmkn1beringin.my.id/vendor/laravel/framework/src/Illuminate/Routing/ControllerDispatcher.php(47): App\\Http\\Controllers\\InventarisController->index()
#9 /www/wwwroot/sarpras.tiksmkn1beringin.my.id/vendor/laravel/framework/src/Illuminate/Routing/Route.php(266): Illuminate\\Routing\\ControllerDispatcher->dispatch()
#10 /www/wwwroot/sarpras.tiksmkn1beringin.my.id/vendor/laravel/framework/src/Illuminate/Routing/Route.php(212): Illuminate\\Routing\\Route->runController()
#11 /www/wwwroot/sarpras.tiksmkn1beringin.my.id/vendor/laravel/framework/src/Illuminate/Routing/Router.php(808): Illuminate\\Routing\\Route->run()
#12 /www/wwwroot/sarpras.tiksmkn1beringin.my.id/vendor/laravel/framework/src/Illuminate/Pipeline/Pipeline.php(170): Illuminate\\Routing\\Router->{closure:Illuminate\\Routing\\Router::runRouteWithinStack():807}()
#13 /www/wwwroot/sarpras.tiksmkn1beringin.my.id/vendor/laravel/framework/src/Illuminate/Routing/Middleware/SubstituteBindings.php(51): Illuminate\\Pipeline\\Pipeline->{closure:Illuminate\\Pipeline\\Pipeline::prepareDestination():168}()
#14 /www/wwwroot/sarpras.tiksmkn1beringin.my.id/vendor/laravel/framework/src/Illuminate/Pipeline/Pipeline.php(209): Illuminate\\Routing\\Middleware\\SubstituteBindings->handle()
#15 /www/wwwroot/sarpras.tiksmkn1beringin.my.id/vendor/laravel/framework/src/Illuminate/Auth/Middleware/Authenticate.php(64): Illuminate\\Pipeline\\Pipeline->{closure:{closure:Illuminate\\Pipeline\\Pipeline::carry():184}:185}()
#16 /www/wwwroot/sarpras.tiksmkn1beringin.my.id/vendor/laravel/framework/src/Illuminate/Pipeline/Pipeline.php(209): Illuminate\\Auth\\Middleware\\Authenticate->handle()
#17 /www/wwwroot/sarpras.tiksmkn1beringin.my.id/vendor/laravel/framework/src/Illuminate/Foundation/Http/Middleware/VerifyCsrfToken.php(88): Illuminate\\Pipeline\\Pipeline->{closure:{closure:Illuminate\\Pipeline\\Pipeline::carry():184}:185}()
#18 /www/wwwroot/sarpras.tiksmkn1beringin.my.id/vendor/laravel/framework/src/Illuminate/Pipeline/Pipeline.php(209): Illuminate\\Foundation\\Http\\Middleware\\VerifyCsrfToken->handle()
#19 /www/wwwroot/sarpras.tiksmkn1beringin.my.id/vendor/laravel/framework/src/Illuminate/View/Middleware/ShareErrorsFromSession.php(49): Illuminate\\Pipeline\\Pipeline->{closure:{closure:Illuminate\\Pipeline\\Pipeline::carry():184}:185}()
#20 /www/wwwroot/sarpras.tiksmkn1beringin.my.id/vendor/laravel/framework/src/Illuminate/Pipeline/Pipeline.php(209): Illuminate\\View\\Middleware\\ShareErrorsFromSession->handle()
#21 /www/wwwroot/sarpras.tiksmkn1beringin.my.id/vendor/laravel/framework/src/Illuminate/Session/Middleware/StartSession.php(121): Illuminate\\Pipeline\\Pipeline->{closure:{closure:Illuminate\\Pipeline\\Pipeline::carry():184}:185}()
#22 /www/wwwroot/sarpras.tiksmkn1beringin.my.id/vendor/laravel/framework/src/Illuminate/Session/Middleware/StartSession.php(64): Illuminate\\Session\\Middleware\\StartSession->handleStatefulRequest()
#23 /www/wwwroot/sarpras.tiksmkn1beringin.my.id/vendor/laravel/framework/src/Illuminate/Pipeline/Pipeline.php(209): Illuminate\\Session\\Middleware\\StartSession->handle()
#24 /www/wwwroot/sarpras.tiksmkn1beringin.my.id/vendor/laravel/framework/src/Illuminate/Cookie/Middleware/AddQueuedCookiesToResponse.php(37): Illuminate\\Pipeline\\Pipeline->{closure:{closure:Illuminate\\Pipeline\\Pipeline::carry():184}:185}()
#25 /www/wwwroot/sarpras.tiksmkn1beringin.my.id/vendor/laravel/framework/src/Illuminate/Pipeline/Pipeline.php(209): Illuminate\\Cookie\\Middleware\\AddQueuedCookiesToResponse->handle()
#26 /www/wwwroot/sarpras.tiksmkn1beringin.my.id/vendor/laravel/framework/src/Illuminate/Cookie/Middleware/EncryptCookies.php(75): Illuminate\\Pipeline\\Pipeline->{closure:{closure:Illuminate\\Pipeline\\Pipeline::carry():184}:185}()
#27 /www/wwwroot/sarpras.tiksmkn1beringin.my.id/vendor/laravel/framework/src/Illuminate/Pipeline/Pipeline.php(209): Illuminate\\Cookie\\Middleware\\EncryptCookies->handle()
#28 /www/wwwroot/sarpras.tiksmkn1beringin.my.id/vendor/laravel/framework/src/Illuminate/Pipeline/Pipeline.php(127): Illuminate\\Pipeline\\Pipeline->{closure:{closure:Illuminate\\Pipeline\\Pipeline::carry():184}:185}()
#29 /www/wwwroot/sarpras.tiksmkn1beringin.my.id/vendor/laravel/framework/src/Illuminate/Routing/Router.php(807): Illuminate\\Pipeline\\Pipeline->then()
#30 /www/wwwroot/sarpras.tiksmkn1beringin.my.id/vendor/laravel/framework/src/Illuminate/Routing/Router.php(786): Illuminate\\Routing\\Router->runRouteWithinStack()
#31 /www/wwwroot/sarpras.tiksmkn1beringin.my.id/vendor/laravel/framework/src/Illuminate/Routing/Router.php(750): Illuminate\\Routing\\Router->runRoute()
#32 /www/wwwroot/sarpras.tiksmkn1beringin.my.id/vendor/laravel/framework/src/Illuminate/Routing/Router.php(739): Illuminate\\Routing\\Router->dispatchToRoute()
#33 /www/wwwroot/sarpras.tiksmkn1beringin.my.id/vendor/laravel/framework/src/Illuminate/Foundation/Http/Kernel.php(201): Illuminate\\Routing\\Router->dispatch()
#34 /www/wwwroot/sarpras.tiksmkn1beringin.my.id/vendor/laravel/framework/src/Illuminate/Pipeline/Pipeline.php(170): Illuminate\\Foundation\\Http\\Kernel->{closure:Illuminate\\Foundation\\Http\\Kernel::dispatchToRouter():198}()
#35 /www/wwwroot/sarpras.tiksmkn1beringin.my.id/vendor/laravel/framework/src/Illuminate/Foundation/Http/Middleware/TransformsRequest.php(21): Illuminate\\Pipeline\\Pipeline->{closure:Illuminate\\Pipeline\\Pipeline::prepareDestination():168}()
#36 /www/wwwroot/sarpras.tiksmkn1beringin.my.id/vendor/laravel/framework/src/Illuminate/Foundation/Http/Middleware/ConvertEmptyStringsToNull.php(31): Illuminate\\Foundation\\Http\\Middleware\\TransformsRequest->handle()
#37 /www/wwwroot/sarpras.tiksmkn1beringin.my.id/vendor/laravel/framework/src/Illuminate/Pipeline/Pipeline.php(209): Illuminate\\Foundation\\Http\\Middleware\\ConvertEmptyStringsToNull->handle()
#38 /www/wwwroot/sarpras.tiksmkn1beringin.my.id/vendor/laravel/framework/src/Illuminate/Foundation/Http/Middleware/TransformsRequest.php(21): Illuminate\\Pipeline\\Pipeline->{closure:{closure:Illuminate\\Pipeline\\Pipeline::carry():184}:185}()
#39 /www/wwwroot/sarpras.tiksmkn1beringin.my.id/vendor/laravel/framework/src/Illuminate/Foundation/Http/Middleware/TrimStrings.php(51): Illuminate\\Foundation\\Http\\Middleware\\TransformsRequest->handle()
#40 /www/wwwroot/sarpras.tiksmkn1beringin.my.id/vendor/laravel/framework/src/Illuminate/Pipeline/Pipeline.php(209): Illuminate\\Foundation\\Http\\Middleware\\TrimStrings->handle()
#41 /www/wwwroot/sarpras.tiksmkn1beringin.my.id/vendor/laravel/framework/src/Illuminate/Http/Middleware/ValidatePostSize.php(27): Illuminate\\Pipeline\\Pipeline->{closure:{closure:Illuminate\\Pipeline\\Pipeline::carry():184}:185}()
#42 /www/wwwroot/sarpras.tiksmkn1beringin.my.id/vendor/laravel/framework/src/Illuminate/Pipeline/Pipeline.php(209): Illuminate\\Http\\Middleware\\ValidatePostSize->handle()
#43 /www/wwwroot/sarpras.tiksmkn1beringin.my.id/vendor/laravel/framework/src/Illuminate/Foundation/Http/Middleware/PreventRequestsDuringMaintenance.php(110): Illuminate\\Pipeline\\Pipeline->{closure:{closure:Illuminate\\Pipeline\\Pipeline::carry():184}:185}()
#44 /www/wwwroot/sarpras.tiksmkn1beringin.my.id/vendor/laravel/framework/src/Illuminate/Pipeline/Pipeline.php(209): Illuminate\\Foundation\\Http\\Middleware\\PreventRequestsDuringMaintenance->handle()
#45 /www/wwwroot/sarpras.tiksmkn1beringin.my.id/vendor/laravel/framework/src/Illuminate/Http/Middleware/HandleCors.php(49): Illuminate\\Pipeline\\Pipeline->{closure:{closure:Illuminate\\Pipeline\\Pipeline::carry():184}:185}()
#46 /www/wwwroot/sarpras.tiksmkn1beringin.my.id/vendor/laravel/framework/src/Illuminate/Pipeline/Pipeline.php(209): Illuminate\\Http\\Middleware\\HandleCors->handle()
#47 /www/wwwroot/sarpras.tiksmkn1beringin.my.id/vendor/laravel/framework/src/Illuminate/Http/Middleware/TrustProxies.php(58): Illuminate\\Pipeline\\Pipeline->{closure:{closure:Illuminate\\Pipeline\\Pipeline::carry():184}:185}()
#48 /www/wwwroot/sarpras.tiksmkn1beringin.my.id/vendor/laravel/framework/src/Illuminate/Pipeline/Pipeline.php(209): Illuminate\\Http\\Middleware\\TrustProxies->handle()
#49 /www/wwwroot/sarpras.tiksmkn1beringin.my.id/vendor/laravel/framework/src/Illuminate/Foundation/Http/Middleware/InvokeDeferredCallbacks.php(22): Illuminate\\Pipeline\\Pipeline->{closure:{closure:Illuminate\\Pipeline\\Pipeline::carry():184}:185}()
#50 /www/wwwroot/sarpras.tiksmkn1beringin.my.id/vendor/laravel/framework/src/Illuminate/Pipeline/Pipeline.php(209): Illuminate\\Foundation\\Http\\Middleware\\InvokeDeferredCallbacks->handle()
#51 /www/wwwroot/sarpras.tiksmkn1beringin.my.id/vendor/laravel/framework/src/Illuminate/Pipeline/Pipeline.php(127): Illuminate\\Pipeline\\Pipeline->{closure:{closure:Illuminate\\Pipeline\\Pipeline::carry():184}:185}()
#52 /www/wwwroot/sarpras.tiksmkn1beringin.my.id/vendor/laravel/framework/src/Illuminate/Foundation/Http/Kernel.php(176): Illuminate\\Pipeline\\Pipeline->then()
#53 /www/wwwroot/sarpras.tiksmkn1beringin.my.id/vendor/laravel/framework/src/Illuminate/Foundation/Http/Kernel.php(145): Illuminate\\Foundation\\Http\\Kernel->sendRequestThroughRouter()
#54 /www/wwwroot/sarpras.tiksmkn1beringin.my.id/vendor/laravel/framework/src/Illuminate/Foundation/Testing/Concerns/MakesHttpRequests.php(607): Illuminate\\Foundation\\Http\\Kernel->handle()
#55 /www/wwwroot/sarpras.tiksmkn1beringin.my.id/vendor/laravel/framework/src/Illuminate/Foundation/Testing/Concerns/MakesHttpRequests.php(368): Illuminate\\Foundation\\Testing\\TestCase->call()
#56 /www/wwwroot/sarpras.tiksmkn1beringin.my.id/tests/Feature/InventarisTest.php(30): Illuminate\\Foundation\\Testing\\TestCase->get()
#57 /www/wwwroot/sarpras.tiksmkn1beringin.my.id/vendor/phpunit/phpunit/src/Framework/TestCase.php(1548): Tests\\Feature\\InventarisTest->test_can_access_inventaris_index_with_filters()
#58 /www/wwwroot/sarpras.tiksmkn1beringin.my.id/vendor/phpunit/phpunit/src/Framework/TestCase.php(686): PHPUnit\\Framework\\TestCase->runTest()
#59 /www/wwwroot/sarpras.tiksmkn1beringin.my.id/vendor/phpunit/phpunit/src/Framework/TestRunner.php(106): PHPUnit\\Framework\\TestCase->runBare()
#60 /www/wwwroot/sarpras.tiksmkn1beringin.my.id/vendor/phpunit/phpunit/src/Framework/TestCase.php(516): PHPUnit\\Framework\\TestRunner->run()
#61 /www/wwwroot/sarpras.tiksmkn1beringin.my.id/vendor/phpunit/phpunit/src/Framework/TestSuite.php(374): PHPUnit\\Framework\\TestCase->run()
#62 /www/wwwroot/sarpras.tiksmkn1beringin.my.id/vendor/phpunit/phpunit/src/Framework/TestSuite.php(374): PHPUnit\\Framework\\TestSuite->run()
#63 /www/wwwroot/sarpras.tiksmkn1beringin.my.id/vendor/phpunit/phpunit/src/Framework/TestSuite.php(374): PHPUnit\\Framework\\TestSuite->run()
#64 /www/wwwroot/sarpras.tiksmkn1beringin.my.id/vendor/phpunit/phpunit/src/TextUI/TestRunner.php(64): PHPUnit\\Framework\\TestSuite->run()
#65 /www/wwwroot/sarpras.tiksmkn1beringin.my.id/vendor/phpunit/phpunit/src/TextUI/Application.php(204): PHPUnit\\TextUI\\TestRunner->run()
#66 /www/wwwroot/sarpras.tiksmkn1beringin.my.id/vendor/phpunit/phpunit/phpunit(104): PHPUnit\\TextUI\\Application->run()
#67 {main}

[previous exception] [object] (PDOException(code: HY000): SQLSTATE[HY000]: General error: 1 no such function: YEAR at /www/wwwroot/sarpras.tiksmkn1beringin.my.id/vendor/laravel/framework/src/Illuminate/Database/Connection.php:407)
[stacktrace]
#0 /www/wwwroot/sarpras.tiksmkn1beringin.my.id/vendor/laravel/framework/src/Illuminate/Database/Connection.php(407): PDO->prepare()
#1 /www/wwwroot/sarpras.tiksmkn1beringin.my.id/vendor/laravel/framework/src/Illuminate/Database/Connection.php(812): Illuminate\\Database\\Connection->{closure:Illuminate\\Database\\Connection::select():398}()
#2 /www/wwwroot/sarpras.tiksmkn1beringin.my.id/vendor/laravel/framework/src/Illuminate/Database/Connection.php(779): Illuminate\\Database\\Connection->runQueryCallback()
#3 /www/wwwroot/sarpras.tiksmkn1beringin.my.id/vendor/laravel/framework/src/Illuminate/Database/Connection.php(398): Illuminate\\Database\\Connection->run()
#4 /www/wwwroot/sarpras.tiksmkn1beringin.my.id/vendor/laravel/framework/src/Illuminate/Database/Query/Builder.php(3106): Illuminate\\Database\\Connection->select()
#5 /www/wwwroot/sarpras.tiksmkn1beringin.my.id/vendor/laravel/framework/src/Illuminate/Database/Query/Builder.php(3362): Illuminate\\Database\\Query\\Builder->runSelect()
#6 /www/wwwroot/sarpras.tiksmkn1beringin.my.id/vendor/laravel/framework/src/Illuminate/Database/Query/Builder.php(3676): Illuminate\\Database\\Query\\Builder->{closure:Illuminate\\Database\\Query\\Builder::pluck():3360}()
#7 /www/wwwroot/sarpras.tiksmkn1beringin.my.id/vendor/laravel/framework/src/Illuminate/Database/Query/Builder.php(3358): Illuminate\\Database\\Query\\Builder->onceWithColumns()
#8 /www/wwwroot/sarpras.tiksmkn1beringin.my.id/vendor/laravel/framework/src/Illuminate/Database/Eloquent/Builder.php(991): Illuminate\\Database\\Query\\Builder->pluck()
#9 /www/wwwroot/sarpras.tiksmkn1beringin.my.id/app/Http/Controllers/InventarisController.php(81): Illuminate\\Database\\Eloquent\\Builder->pluck()
#10 /www/wwwroot/sarpras.tiksmkn1beringin.my.id/vendor/laravel/framework/src/Illuminate/Routing/ControllerDispatcher.php(47): App\\Http\\Controllers\\InventarisController->index()
#11 /www/wwwroot/sarpras.tiksmkn1beringin.my.id/vendor/laravel/framework/src/Illuminate/Routing/Route.php(266): Illuminate\\Routing\\ControllerDispatcher->dispatch()
#12 /www/wwwroot/sarpras.tiksmkn1beringin.my.id/vendor/laravel/framework/src/Illuminate/Routing/Route.php(212): Illuminate\\Routing\\Route->runController()
#13 /www/wwwroot/sarpras.tiksmkn1beringin.my.id/vendor/laravel/framework/src/Illuminate/Routing/Router.php(808): Illuminate\\Routing\\Route->run()
#14 /www/wwwroot/sarpras.tiksmkn1beringin.my.id/vendor/laravel/framework/src/Illuminate/Pipeline/Pipeline.php(170): Illuminate\\Routing\\Router->{closure:Illuminate\\Routing\\Router::runRouteWithinStack():807}()
#15 /www/wwwroot/sarpras.tiksmkn1beringin.my.id/vendor/laravel/framework/src/Illuminate/Routing/Middleware/SubstituteBindings.php(51): Illuminate\\Pipeline\\Pipeline->{closure:Illuminate\\Pipeline\\Pipeline::prepareDestination():168}()
#16 /www/wwwroot/sarpras.tiksmkn1beringin.my.id/vendor/laravel/framework/src/Illuminate/Pipeline/Pipeline.php(209): Illuminate\\Routing\\Middleware\\SubstituteBindings->handle()
#17 /www/wwwroot/sarpras.tiksmkn1beringin.my.id/vendor/laravel/framework/src/Illuminate/Auth/Middleware/Authenticate.php(64): Illuminate\\Pipeline\\Pipeline->{closure:{closure:Illuminate\\Pipeline\\Pipeline::carry():184}:185}()
#18 /www/wwwroot/sarpras.tiksmkn1beringin.my.id/vendor/laravel/framework/src/Illuminate/Pipeline/Pipeline.php(209): Illuminate\\Auth\\Middleware\\Authenticate->handle()
#19 /www/wwwroot/sarpras.tiksmkn1beringin.my.id/vendor/laravel/framework/src/Illuminate/Foundation/Http/Middleware/VerifyCsrfToken.php(88): Illuminate\\Pipeline\\Pipeline->{closure:{closure:Illuminate\\Pipeline\\Pipeline::carry():184}:185}()
#20 /www/wwwroot/sarpras.tiksmkn1beringin.my.id/vendor/laravel/framework/src/Illuminate/Pipeline/Pipeline.php(209): Illuminate\\Foundation\\Http\\Middleware\\VerifyCsrfToken->handle()
#21 /www/wwwroot/sarpras.tiksmkn1beringin.my.id/vendor/laravel/framework/src/Illuminate/View/Middleware/ShareErrorsFromSession.php(49): Illuminate\\Pipeline\\Pipeline->{closure:{closure:Illuminate\\Pipeline\\Pipeline::carry():184}:185}()
#22 /www/wwwroot/sarpras.tiksmkn1beringin.my.id/vendor/laravel/framework/src/Illuminate/Pipeline/Pipeline.php(209): Illuminate\\View\\Middleware\\ShareErrorsFromSession->handle()
#23 /www/wwwroot/sarpras.tiksmkn1beringin.my.id/vendor/laravel/framework/src/Illuminate/Session/Middleware/StartSession.php(121): Illuminate\\Pipeline\\Pipeline->{closure:{closure:Illuminate\\Pipeline\\Pipeline::carry():184}:185}()
#24 /www/wwwroot/sarpras.tiksmkn1beringin.my.id/vendor/laravel/framework/src/Illuminate/Session/Middleware/StartSession.php(64): Illuminate\\Session\\Middleware\\StartSession->handleStatefulRequest()
#25 /www/wwwroot/sarpras.tiksmkn1beringin.my.id/vendor/laravel/framework/src/Illuminate/Pipeline/Pipeline.php(209): Illuminate\\Session\\Middleware\\StartSession->handle()
#26 /www/wwwroot/sarpras.tiksmkn1beringin.my.id/vendor/laravel/framework/src/Illuminate/Cookie/Middleware/AddQueuedCookiesToResponse.php(37): Illuminate\\Pipeline\\Pipeline->{closure:{closure:Illuminate\\Pipeline\\Pipeline::carry():184}:185}()
#27 /www/wwwroot/sarpras.tiksmkn1beringin.my.id/vendor/laravel/framework/src/Illuminate/Pipeline/Pipeline.php(209): Illuminate\\Cookie\\Middleware\\AddQueuedCookiesToResponse->handle()
#28 /www/wwwroot/sarpras.tiksmkn1beringin.my.id/vendor/laravel/framework/src/Illuminate/Cookie/Middleware/EncryptCookies.php(75): Illuminate\\Pipeline\\Pipeline->{closure:{closure:Illuminate\\Pipeline\\Pipeline::carry():184}:185}()
#29 /www/wwwroot/sarpras.tiksmkn1beringin.my.id/vendor/laravel/framework/src/Illuminate/Pipeline/Pipeline.php(209): Illuminate\\Cookie\\Middleware\\EncryptCookies->handle()
#30 /www/wwwroot/sarpras.tiksmkn1beringin.my.id/vendor/laravel/framework/src/Illuminate/Pipeline/Pipeline.php(127): Illuminate\\Pipeline\\Pipeline->{closure:{closure:Illuminate\\Pipeline\\Pipeline::carry():184}:185}()
#31 /www/wwwroot/sarpras.tiksmkn1beringin.my.id/vendor/laravel/framework/src/Illuminate/Routing/Router.php(807): Illuminate\\Pipeline\\Pipeline->then()
#32 /www/wwwroot/sarpras.tiksmkn1beringin.my.id/vendor/laravel/framework/src/Illuminate/Routing/Router.php(786): Illuminate\\Routing\\Router->runRouteWithinStack()
#33 /www/wwwroot/sarpras.tiksmkn1beringin.my.id/vendor/laravel/framework/src/Illuminate/Routing/Router.php(750): Illuminate\\Routing\\Router->runRoute()
#34 /www/wwwroot/sarpras.tiksmkn1beringin.my.id/vendor/laravel/framework/src/Illuminate/Routing/Router.php(739): Illuminate\\Routing\\Router->dispatchToRoute()
#35 /www/wwwroot/sarpras.tiksmkn1beringin.my.id/vendor/laravel/framework/src/Illuminate/Foundation/Http/Kernel.php(201): Illuminate\\Routing\\Router->dispatch()
#36 /www/wwwroot/sarpras.tiksmkn1beringin.my.id/vendor/laravel/framework/src/Illuminate/Pipeline/Pipeline.php(170): Illuminate\\Foundation\\Http\\Kernel->{closure:Illuminate\\Foundation\\Http\\Kernel::dispatchToRouter():198}()
#37 /www/wwwroot/sarpras.tiksmkn1beringin.my.id/vendor/laravel/framework/src/Illuminate/Foundation/Http/Middleware/TransformsRequest.php(21): Illuminate\\Pipeline\\Pipeline->{closure:Illuminate\\Pipeline\\Pipeline::prepareDestination():168}()
#38 /www/wwwroot/sarpras.tiksmkn1beringin.my.id/vendor/laravel/framework/src/Illuminate/Foundation/Http/Middleware/ConvertEmptyStringsToNull.php(31): Illuminate\\Foundation\\Http\\Middleware\\TransformsRequest->handle()
#39 /www/wwwroot/sarpras.tiksmkn1beringin.my.id/vendor/laravel/framework/src/Illuminate/Pipeline/Pipeline.php(209): Illuminate\\Foundation\\Http\\Middleware\\ConvertEmptyStringsToNull->handle()
#40 /www/wwwroot/sarpras.tiksmkn1beringin.my.id/vendor/laravel/framework/src/Illuminate/Foundation/Http/Middleware/TransformsRequest.php(21): Illuminate\\Pipeline\\Pipeline->{closure:{closure:Illuminate\\Pipeline\\Pipeline::carry():184}:185}()
#41 /www/wwwroot/sarpras.tiksmkn1beringin.my.id/vendor/laravel/framework/src/Illuminate/Foundation/Http/Middleware/TrimStrings.php(51): Illuminate\\Foundation\\Http\\Middleware\\TransformsRequest->handle()
#42 /www/wwwroot/sarpras.tiksmkn1beringin.my.id/vendor/laravel/framework/src/Illuminate/Pipeline/Pipeline.php(209): Illuminate\\Foundation\\Http\\Middleware\\TrimStrings->handle()
#43 /www/wwwroot/sarpras.tiksmkn1beringin.my.id/vendor/laravel/framework/src/Illuminate/Http/Middleware/ValidatePostSize.php(27): Illuminate\\Pipeline\\Pipeline->{closure:{closure:Illuminate\\Pipeline\\Pipeline::carry():184}:185}()
#44 /www/wwwroot/sarpras.tiksmkn1beringin.my.id/vendor/laravel/framework/src/Illuminate/Pipeline/Pipeline.php(209): Illuminate\\Http\\Middleware\\ValidatePostSize->handle()
#45 /www/wwwroot/sarpras.tiksmkn1beringin.my.id/vendor/laravel/framework/src/Illuminate/Foundation/Http/Middleware/PreventRequestsDuringMaintenance.php(110): Illuminate\\Pipeline\\Pipeline->{closure:{closure:Illuminate\\Pipeline\\Pipeline::carry():184}:185}()
#46 /www/wwwroot/sarpras.tiksmkn1beringin.my.id/vendor/laravel/framework/src/Illuminate/Pipeline/Pipeline.php(209): Illuminate\\Foundation\\Http\\Middleware\\PreventRequestsDuringMaintenance->handle()
#47 /www/wwwroot/sarpras.tiksmkn1beringin.my.id/vendor/laravel/framework/src/Illuminate/Http/Middleware/HandleCors.php(49): Illuminate\\Pipeline\\Pipeline->{closure:{closure:Illuminate\\Pipeline\\Pipeline::carry():184}:185}()
#48 /www/wwwroot/sarpras.tiksmkn1beringin.my.id/vendor/laravel/framework/src/Illuminate/Pipeline/Pipeline.php(209): Illuminate\\Http\\Middleware\\HandleCors->handle()
#49 /www/wwwroot/sarpras.tiksmkn1beringin.my.id/vendor/laravel/framework/src/Illuminate/Http/Middleware/TrustProxies.php(58): Illuminate\\Pipeline\\Pipeline->{closure:{closure:Illuminate\\Pipeline\\Pipeline::carry():184}:185}()
#50 /www/wwwroot/sarpras.tiksmkn1beringin.my.id/vendor/laravel/framework/src/Illuminate/Pipeline/Pipeline.php(209): Illuminate\\Http\\Middleware\\TrustProxies->handle()
#51 /www/wwwroot/sarpras.tiksmkn1beringin.my.id/vendor/laravel/framework/src/Illuminate/Foundation/Http/Middleware/InvokeDeferredCallbacks.php(22): Illuminate\\Pipeline\\Pipeline->{closure:{closure:Illuminate\\Pipeline\\Pipeline::carry():184}:185}()
#52 /www/wwwroot/sarpras.tiksmkn1beringin.my.id/vendor/laravel/framework/src/Illuminate/Pipeline/Pipeline.php(209): Illuminate\\Foundation\\Http\\Middleware\\InvokeDeferredCallbacks->handle()
#53 /www/wwwroot/sarpras.tiksmkn1beringin.my.id/vendor/laravel/framework/src/Illuminate/Pipeline/Pipeline.php(127): Illuminate\\Pipeline\\Pipeline->{closure:{closure:Illuminate\\Pipeline\\Pipeline::carry():184}:185}()
#54 /www/wwwroot/sarpras.tiksmkn1beringin.my.id/vendor/laravel/framework/src/Illuminate/Foundation/Http/Kernel.php(176): Illuminate\\Pipeline\\Pipeline->then()
#55 /www/wwwroot/sarpras.tiksmkn1beringin.my.id/vendor/laravel/framework/src/Illuminate/Foundation/Http/Kernel.php(145): Illuminate\\Foundation\\Http\\Kernel->sendRequestThroughRouter()
#56 /www/wwwroot/sarpras.tiksmkn1beringin.my.id/vendor/laravel/framework/src/Illuminate/Foundation/Testing/Concerns/MakesHttpRequests.php(607): Illuminate\\Foundation\\Http\\Kernel->handle()
#57 /www/wwwroot/sarpras.tiksmkn1beringin.my.id/vendor/laravel/framework/src/Illuminate/Foundation/Testing/Concerns/MakesHttpRequests.php(368): Illuminate\\Foundation\\Testing\\TestCase->call()
#58 /www/wwwroot/sarpras.tiksmkn1beringin.my.id/tests/Feature/InventarisTest.php(30): Illuminate\\Foundation\\Testing\\TestCase->get()
#59 /www/wwwroot/sarpras.tiksmkn1beringin.my.id/vendor/phpunit/phpunit/src/Framework/TestCase.php(1548): Tests\\Feature\\InventarisTest->test_can_access_inventaris_index_with_filters()
#60 /www/wwwroot/sarpras.tiksmkn1beringin.my.id/vendor/phpunit/phpunit/src/Framework/TestCase.php(686): PHPUnit\\Framework\\TestCase->runTest()
#61 /www/wwwroot/sarpras.tiksmkn1beringin.my.id/vendor/phpunit/phpunit/src/Framework/TestRunner.php(106): PHPUnit\\Framework\\TestCase->runBare()
#62 /www/wwwroot/sarpras.tiksmkn1beringin.my.id/vendor/phpunit/phpunit/src/Framework/TestCase.php(516): PHPUnit\\Framework\\TestRunner->run()
#63 /www/wwwroot/sarpras.tiksmkn1beringin.my.id/vendor/phpunit/phpunit/src/Framework/TestSuite.php(374): PHPUnit\\Framework\\TestCase->run()
#64 /www/wwwroot/sarpras.tiksmkn1beringin.my.id/vendor/phpunit/phpunit/src/Framework/TestSuite.php(374): PHPUnit\\Framework\\TestSuite->run()
#65 /www/wwwroot/sarpras.tiksmkn1beringin.my.id/vendor/phpunit/phpunit/src/Framework/TestSuite.php(374): PHPUnit\\Framework\\TestSuite->run()
#66 /www/wwwroot/sarpras.tiksmkn1beringin.my.id/vendor/phpunit/phpunit/src/TextUI/TestRunner.php(64): PHPUnit\\Framework\\TestSuite->run()
#67 /www/wwwroot/sarpras.tiksmkn1beringin.my.id/vendor/phpunit/phpunit/src/TextUI/Application.php(204): PHPUnit\\TextUI\\TestRunner->run()
#68 /www/wwwroot/sarpras.tiksmkn1beringin.my.id/vendor/phpunit/phpunit/phpunit(104): PHPUnit\\TextUI\\Application->run()
#69 {main}
"} 
[2026-09-30 10:55:49] testing.ERROR: SQLSTATE[HY000]: General error: 1 no such function: YEAR (Connection: sqlite, SQL: select distinct YEAR(tanggal_perolehan) as th from "inventaris_barangs" where "tanggal_perolehan" is not null) {"userId":2,"exception":"[object] (Illuminate\\Database\\QueryException(code: HY000): SQLSTATE[HY000]: General error: 1 no such function: YEAR (Connection: sqlite, SQL: select distinct YEAR(tanggal_perolehan) as th from \"inventaris_barangs\" where \"tanggal_perolehan\" is not null) at /www/wwwroot/sarpras.tiksmkn1beringin.my.id/vendor/laravel/framework/src/Illuminate/Database/Connection.php:825)
[stacktrace]
#0 /www/wwwroot/sarpras.tiksmkn1beringin.my.id/vendor/laravel/framework/src/Illuminate/Database/Connection.php(779): Illuminate\\Database\\Connection->runQueryCallback()
#1 /www/wwwroot/sarpras.tiksmkn1beringin.my.id/vendor/laravel/framework/src/Illuminate/Database/Connection.php(398): Illuminate\\Database\\Connection->run()
#2 /www/wwwroot/sarpras.tiksmkn1beringin.my.id/vendor/laravel/framework/src/Illuminate/Database/Query/Builder.php(3106): Illuminate\\Database\\Connection->select()
#3 /www/wwwroot/sarpras.tiksmkn1beringin.my.id/vendor/laravel/framework/src/Illuminate/Database/Query/Builder.php(3362): Illuminate\\Database\\Query\\Builder->runSelect()
#4 /www/wwwroot/sarpras.tiksmkn1beringin.my.id/vendor/laravel/framework/src/Illuminate/Database/Query/Builder.php(3676): Illuminate\\Database\\Query\\Builder->{closure:Illuminate\\Database\\Query\\Builder::pluck():3360}()
#5 /www/wwwroot/sarpras.tiksmkn1beringin.my.id/vendor/laravel/framework/src/Illuminate/Database/Query/Builder.php(3358): Illuminate\\Database\\Query\\Builder->onceWithColumns()
#6 /www/wwwroot/sarpras.tiksmkn1beringin.my.id/vendor/laravel/framework/src/Illuminate/Database/Eloquent/Builder.php(991): Illuminate\\Database\\Query\\Builder->pluck()
#7 /www/wwwroot/sarpras.tiksmkn1beringin.my.id/app/Http/Controllers/InventarisController.php(81): Illuminate\\Database\\Eloquent\\Builder->pluck()
#8 /www/wwwroot/sarpras.tiksmkn1beringin.my.id/vendor/laravel/framework/src/Illuminate/Routing/ControllerDispatcher.php(47): App\\Http\\Controllers\\InventarisController->index()
#9 /www/wwwroot/sarpras.tiksmkn1beringin.my.id/vendor/laravel/framework/src/Illuminate/Routing/Route.php(266): Illuminate\\Routing\\ControllerDispatcher->dispatch()
#10 /www/wwwroot/sarpras.tiksmkn1beringin.my.id/vendor/laravel/framework/src/Illuminate/Routing/Route.php(212): Illuminate\\Routing\\Route->runController()
#11 /www/wwwroot/sarpras.tiksmkn1beringin.my.id/vendor/laravel/framework/src/Illuminate/Routing/Router.php(808): Illuminate\\Routing\\Route->run()
#12 /www/wwwroot/sarpras.tiksmkn1beringin.my.id/vendor/laravel/framework/src/Illuminate/Pipeline/Pipeline.php(170): Illuminate\\Routing\\Router->{closure:Illuminate\\Routing\\Router::runRouteWithinStack():807}()
#13 /www/wwwroot/sarpras.tiksmkn1beringin.my.id/vendor/laravel/framework/src/Illuminate/Routing/Middleware/SubstituteBindings.php(51): Illuminate\\Pipeline\\Pipeline->{closure:Illuminate\\Pipeline\\Pipeline::prepareDestination():168}()
#14 /www/wwwroot/sarpras.tiksmkn1beringin.my.id/vendor/laravel/framework/src/Illuminate/Pipeline/Pipeline.php(209): Illuminate\\Routing\\Middleware\\SubstituteBindings->handle()
#15 /www/wwwroot/sarpras.tiksmkn1beringin.my.id/vendor/laravel/framework/src/Illuminate/Auth/Middleware/Authenticate.php(64): Illuminate\\Pipeline\\Pipeline->{closure:{closure:Illuminate\\Pipeline\\Pipeline::carry():184}:185}()
#16 /www/wwwroot/sarpras.tiksmkn1beringin.my.id/vendor/laravel/framework/src/Illuminate/Pipeline/Pipeline.php(209): Illuminate\\Auth\\Middleware\\Authenticate->handle()
#17 /www/wwwroot/sarpras.tiksmkn1beringin.my.id/vendor/laravel/framework/src/Illuminate/Foundation/Http/Middleware/VerifyCsrfToken.php(88): Illuminate\\Pipeline\\Pipeline->{closure:{closure:Illuminate\\Pipeline\\Pipeline::carry():184}:185}()
#18 /www/wwwroot/sarpras.tiksmkn1beringin.my.id/vendor/laravel/framework/src/Illuminate/Pipeline/Pipeline.php(209): Illuminate\\Foundation\\Http\\Middleware\\VerifyCsrfToken->handle()
#19 /www/wwwroot/sarpras.tiksmkn1beringin.my.id/vendor/laravel/framework/src/Illuminate/View/Middleware/ShareErrorsFromSession.php(49): Illuminate\\Pipeline\\Pipeline->{closure:{closure:Illuminate\\Pipeline\\Pipeline::carry():184}:185}()
#20 /www/wwwroot/sarpras.tiksmkn1beringin.my.id/vendor/laravel/framework/src/Illuminate/Pipeline/Pipeline.php(209): Illuminate\\View\\Middleware\\ShareErrorsFromSession->handle()
#21 /www/wwwroot/sarpras.tiksmkn1beringin.my.id/vendor/laravel/framework/src/Illuminate/Session/Middleware/StartSession.php(121): Illuminate\\Pipeline\\Pipeline->{closure:{closure:Illuminate\\Pipeline\\Pipeline::carry():184}:185}()
#22 /www/wwwroot/sarpras.tiksmkn1beringin.my.id/vendor/laravel/framework/src/Illuminate/Session/Middleware/StartSession.php(64): Illuminate\\Session\\Middleware\\StartSession->handleStatefulRequest()
#23 /www/wwwroot/sarpras.tiksmkn1beringin.my.id/vendor/laravel/framework/src/Illuminate/Pipeline/Pipeline.php(209): Illuminate\\Session\\Middleware\\StartSession->handle()
#24 /www/wwwroot/sarpras.tiksmkn1beringin.my.id/vendor/laravel/framework/src/Illuminate/Cookie/Middleware/AddQueuedCookiesToResponse.php(37): Illuminate\\Pipeline\\Pipeline->{closure:{closure:Illuminate\\Pipeline\\Pipeline::carry():184}:185}()
#25 /www/wwwroot/sarpras.tiksmkn1beringin.my.id/vendor/laravel/framework/src/Illuminate/Pipeline/Pipeline.php(209): Illuminate\\Cookie\\Middleware\\AddQueuedCookiesToResponse->handle()
#26 /www/wwwroot/sarpras.tiksmkn1beringin.my.id/vendor/laravel/framework/src/Illuminate/Cookie/Middleware/EncryptCookies.php(75): Illuminate\\Pipeline\\Pipeline->{closure:{closure:Illuminate\\Pipeline\\Pipeline::carry():184}:185}()
#27 /www/wwwroot/sarpras.tiksmkn1beringin.my.id/vendor/laravel/framework/src/Illuminate/Pipeline/Pipeline.php(209): Illuminate\\Cookie\\Middleware\\EncryptCookies->handle()
#28 /www/wwwroot/sarpras.tiksmkn1beringin.my.id/vendor/laravel/framework/src/Illuminate/Pipeline/Pipeline.php(127): Illuminate\\Pipeline\\Pipeline->{closure:{closure:Illuminate\\Pipeline\\Pipeline::carry():184}:185}()
#29 /www/wwwroot/sarpras.tiksmkn1beringin.my.id/vendor/laravel/framework/src/Illuminate/Routing/Router.php(807): Illuminate\\Pipeline\\Pipeline->then()
#30 /www/wwwroot/sarpras.tiksmkn1beringin.my.id/vendor/laravel/framework/src/Illuminate/Routing/Router.php(786): Illuminate\\Routing\\Router->runRouteWithinStack()
#31 /www/wwwroot/sarpras.tiksmkn1beringin.my.id/vendor/laravel/framework/src/Illuminate/Routing/Router.php(750): Illuminate\\Routing\\Router->runRoute()
#32 /www/wwwroot/sarpras.tiksmkn1beringin.my.id/vendor/laravel/framework/src/Illuminate/Routing/Router.php(739): Illuminate\\Routing\\Router->dispatchToRoute()
#33 /www/wwwroot/sarpras.tiksmkn1beringin.my.id/vendor/laravel/framework/src/Illuminate/Foundation/Http/Kernel.php(201): Illuminate\\Routing\\Router->dispatch()
#34 /www/wwwroot/sarpras.tiksmkn1beringin.my.id/vendor/laravel/framework/src/Illuminate/Pipeline/Pipeline.php(170): Illuminate\\Foundation\\Http\\Kernel->{closure:Illuminate\\Foundation\\Http\\Kernel::dispatchToRouter():198}()
#35 /www/wwwroot/sarpras.tiksmkn1beringin.my.id/vendor/laravel/framework/src/Illuminate/Foundation/Http/Middleware/TransformsRequest.php(21): Illuminate\\Pipeline\\Pipeline->{closure:Illuminate\\Pipeline\\Pipeline::prepareDestination():168}()
#36 /www/wwwroot/sarpras.tiksmkn1beringin.my.id/vendor/laravel/framework/src/Illuminate/Foundation/Http/Middleware/ConvertEmptyStringsToNull.php(31): Illuminate\\Foundation\\Http\\Middleware\\TransformsRequest->handle()
#37 /www/wwwroot/sarpras.tiksmkn1beringin.my.id/vendor/laravel/framework/src/Illuminate/Pipeline/Pipeline.php(209): Illuminate\\Foundation\\Http\\Middleware\\ConvertEmptyStringsToNull->handle()
#38 /www/wwwroot/sarpras.tiksmkn1beringin.my.id/vendor/laravel/framework/src/Illuminate/Foundation/Http/Middleware/TransformsRequest.php(21): Illuminate\\Pipeline\\Pipeline->{closure:{closure:Illuminate\\Pipeline\\Pipeline::carry():184}:185}()
#39 /www/wwwroot/sarpras.tiksmkn1beringin.my.id/vendor/laravel/framework/src/Illuminate/Foundation/Http/Middleware/TrimStrings.php(51): Illuminate\\Foundation\\Http\\Middleware\\TransformsRequest->handle()
#40 /www/wwwroot/sarpras.tiksmkn1beringin.my.id/vendor/laravel/framework/src/Illuminate/Pipeline/Pipeline.php(209): Illuminate\\Foundation\\Http\\Middleware\\TrimStrings->handle()
#41 /www/wwwroot/sarpras.tiksmkn1beringin.my.id/vendor/laravel/framework/src/Illuminate/Http/Middleware/ValidatePostSize.php(27): Illuminate\\Pipeline\\Pipeline->{closure:{closure:Illuminate\\Pipeline\\Pipeline::carry():184}:185}()
#42 /www/wwwroot/sarpras.tiksmkn1beringin.my.id/vendor/laravel/framework/src/Illuminate/Pipeline/Pipeline.php(209): Illuminate\\Http\\Middleware\\ValidatePostSize->handle()
#43 /www/wwwroot/sarpras.tiksmkn1beringin.my.id/vendor/laravel/framework/src/Illuminate/Foundation/Http/Middleware/PreventRequestsDuringMaintenance.php(110): Illuminate\\Pipeline\\Pipeline->{closure:{closure:Illuminate\\Pipeline\\Pipeline::carry():184}:185}()
#44 /www/wwwroot/sarpras.tiksmkn1beringin.my.id/vendor/laravel/framework/src/Illuminate/Pipeline/Pipeline.php(209): Illuminate\\Foundation\\Http\\Middleware\\PreventRequestsDuringMaintenance->handle()
#45 /www/wwwroot/sarpras.tiksmkn1beringin.my.id/vendor/laravel/framework/src/Illuminate/Http/Middleware/HandleCors.php(49): Illuminate\\Pipeline\\Pipeline->{closure:{closure:Illuminate\\Pipeline\\Pipeline::carry():184}:185}()
#46 /www/wwwroot/sarpras.tiksmkn1beringin.my.id/vendor/laravel/framework/src/Illuminate/Pipeline/Pipeline.php(209): Illuminate\\Http\\Middleware\\HandleCors->handle()
#47 /www/wwwroot/sarpras.tiksmkn1beringin.my.id/vendor/laravel/framework/src/Illuminate/Http/Middleware/TrustProxies.php(58): Illuminate\\Pipeline\\Pipeline->{closure:{closure:Illuminate\\Pipeline\\Pipeline::carry():184}:185}()
#48 /www/wwwroot/sarpras.tiksmkn1beringin.my.id/vendor/laravel/framework/src/Illuminate/Pipeline/Pipeline.php(209): Illuminate\\Http\\Middleware\\TrustProxies->handle()
#49 /www/wwwroot/sarpras.tiksmkn1beringin.my.id/vendor/laravel/framework/src/Illuminate/Foundation/Http/Middleware/InvokeDeferredCallbacks.php(22): Illuminate\\Pipeline\\Pipeline->{closure:{closure:Illuminate\\Pipeline\\Pipeline::carry():184}:185}()
#50 /www/wwwroot/sarpras.tiksmkn1beringin.my.id/vendor/laravel/framework/src/Illuminate/Pipeline/Pipeline.php(209): Illuminate\\Foundation\\Http\\Middleware\\InvokeDeferredCallbacks->handle()
#51 /www/wwwroot/sarpras.tiksmkn1beringin.my.id/vendor/laravel/framework/src/Illuminate/Pipeline/Pipeline.php(127): Illuminate\\Pipeline\\Pipeline->{closure:{closure:Illuminate\\Pipeline\\Pipeline::carry():184}:185}()
#52 /www/wwwroot/sarpras.tiksmkn1beringin.my.id/vendor/laravel/framework/src/Illuminate/Foundation/Http/Kernel.php(176): Illuminate\\Pipeline\\Pipeline->then()
#53 /www/wwwroot/sarpras.tiksmkn1beringin.my.id/vendor/laravel/framework/src/Illuminate/Foundation/Http/Kernel.php(145): Illuminate\\Foundation\\Http\\Kernel->sendRequestThroughRouter()
#54 /www/wwwroot/sarpras.tiksmkn1beringin.my.id/vendor/laravel/framework/src/Illuminate/Foundation/Testing/Concerns/MakesHttpRequests.php(607): Illuminate\\Foundation\\Http\\Kernel->handle()
#55 /www/wwwroot/sarpras.tiksmkn1beringin.my.id/vendor/laravel/framework/src/Illuminate/Foundation/Testing/Concerns/MakesHttpRequests.php(368): Illuminate\\Foundation\\Testing\\TestCase->call()
#56 /www/wwwroot/sarpras.tiksmkn1beringin.my.id/tests/Feature/InventarisTest.php(43): Illuminate\\Foundation\\Testing\\TestCase->get()
#57 /www/wwwroot/sarpras.tiksmkn1beringin.my.id/vendor/phpunit/phpunit/src/Framework/TestCase.php(1548): Tests\\Feature\\InventarisTest->test_regular_user_can_access_inventaris_and_import_features()
#58 /www/wwwroot/sarpras.tiksmkn1beringin.my.id/vendor/phpunit/phpunit/src/Framework/TestCase.php(686): PHPUnit\\Framework\\TestCase->runTest()
#59 /www/wwwroot/sarpras.tiksmkn1beringin.my.id/vendor/phpunit/phpunit/src/Framework/TestRunner.php(106): PHPUnit\\Framework\\TestCase->runBare()
#60 /www/wwwroot/sarpras.tiksmkn1beringin.my.id/vendor/phpunit/phpunit/src/Framework/TestCase.php(516): PHPUnit\\Framework\\TestRunner->run()
#61 /www/wwwroot/sarpras.tiksmkn1beringin.my.id/vendor/phpunit/phpunit/src/Framework/TestSuite.php(374): PHPUnit\\Framework\\TestCase->run()
#62 /www/wwwroot/sarpras.tiksmkn1beringin.my.id/vendor/phpunit/phpunit/src/Framework/TestSuite.php(374): PHPUnit\\Framework\\TestSuite->run()
#63 /www/wwwroot/sarpras.tiksmkn1beringin.my.id/vendor/phpunit/phpunit/src/Framework/TestSuite.php(374): PHPUnit\\Framework\\TestSuite->run()
#64 /www/wwwroot/sarpras.tiksmkn1beringin.my.id/vendor/phpunit/phpunit/src/TextUI/TestRunner.php(64): PHPUnit\\Framework\\TestSuite->run()
#65 /www/wwwroot/sarpras.tiksmkn1beringin.my.id/vendor/phpunit/phpunit/src/TextUI/Application.php(204): PHPUnit\\TextUI\\TestRunner->run()
#66 /www/wwwroot/sarpras.tiksmkn1beringin.my.id/vendor/phpunit/phpunit/phpunit(104): PHPUnit\\TextUI\\Application->run()
#67 {main}

[previous exception] [object] (PDOException(code: HY000): SQLSTATE[HY000]: General error: 1 no such function: YEAR at /www/wwwroot/sarpras.tiksmkn1beringin.my.id/vendor/laravel/framework/src/Illuminate/Database/Connection.php:407)
[stacktrace]
#0 /www/wwwroot/sarpras.tiksmkn1beringin.my.id/vendor/laravel/framework/src/Illuminate/Database/Connection.php(407): PDO->prepare()
#1 /www/wwwroot/sarpras.tiksmkn1beringin.my.id/vendor/laravel/framework/src/Illuminate/Database/Connection.php(812): Illuminate\\Database\\Connection->{closure:Illuminate\\Database\\Connection::select():398}()
#2 /www/wwwroot/sarpras.tiksmkn1beringin.my.id/vendor/laravel/framework/src/Illuminate/Database/Connection.php(779): Illuminate\\Database\\Connection->runQueryCallback()
#3 /www/wwwroot/sarpras.tiksmkn1beringin.my.id/vendor/laravel/framework/src/Illuminate/Database/Connection.php(398): Illuminate\\Database\\Connection->run()
#4 /www/wwwroot/sarpras.tiksmkn1beringin.my.id/vendor/laravel/framework/src/Illuminate/Database/Query/Builder.php(3106): Illuminate\\Database\\Connection->select()
#5 /www/wwwroot/sarpras.tiksmkn1beringin.my.id/vendor/laravel/framework/src/Illuminate/Database/Query/Builder.php(3362): Illuminate\\Database\\Query\\Builder->runSelect()
#6 /www/wwwroot/sarpras.tiksmkn1beringin.my.id/vendor/laravel/framework/src/Illuminate/Database/Query/Builder.php(3676): Illuminate\\Database\\Query\\Builder->{closure:Illuminate\\Database\\Query\\Builder::pluck():3360}()
#7 /www/wwwroot/sarpras.tiksmkn1beringin.my.id/vendor/laravel/framework/src/Illuminate/Database/Query/Builder.php(3358): Illuminate\\Database\\Query\\Builder->onceWithColumns()
#8 /www/wwwroot/sarpras.tiksmkn1beringin.my.id/vendor/laravel/framework/src/Illuminate/Database/Eloquent/Builder.php(991): Illuminate\\Database\\Query\\Builder->pluck()
#9 /www/wwwroot/sarpras.tiksmkn1beringin.my.id/app/Http/Controllers/InventarisController.php(81): Illuminate\\Database\\Eloquent\\Builder->pluck()
#10 /www/wwwroot/sarpras.tiksmkn1beringin.my.id/vendor/laravel/framework/src/Illuminate/Routing/ControllerDispatcher.php(47): App\\Http\\Controllers\\InventarisController->index()
#11 /www/wwwroot/sarpras.tiksmkn1beringin.my.id/vendor/laravel/framework/src/Illuminate/Routing/Route.php(266): Illuminate\\Routing\\ControllerDispatcher->dispatch()
#12 /www/wwwroot/sarpras.tiksmkn1beringin.my.id/vendor/laravel/framework/src/Illuminate/Routing/Route.php(212): Illuminate\\Routing\\Route->runController()
#13 /www/wwwroot/sarpras.tiksmkn1beringin.my.id/vendor/laravel/framework/src/Illuminate/Routing/Router.php(808): Illuminate\\Routing\\Route->run()
#14 /www/wwwroot/sarpras.tiksmkn1beringin.my.id/vendor/laravel/framework/src/Illuminate/Pipeline/Pipeline.php(170): Illuminate\\Routing\\Router->{closure:Illuminate\\Routing\\Router::runRouteWithinStack():807}()
#15 /www/wwwroot/sarpras.tiksmkn1beringin.my.id/vendor/laravel/framework/src/Illuminate/Routing/Middleware/SubstituteBindings.php(51): Illuminate\\Pipeline\\Pipeline->{closure:Illuminate\\Pipeline\\Pipeline::prepareDestination():168}()
#16 /www/wwwroot/sarpras.tiksmkn1beringin.my.id/vendor/laravel/framework/src/Illuminate/Pipeline/Pipeline.php(209): Illuminate\\Routing\\Middleware\\SubstituteBindings->handle()
#17 /www/wwwroot/sarpras.tiksmkn1beringin.my.id/vendor/laravel/framework/src/Illuminate/Auth/Middleware/Authenticate.php(64): Illuminate\\Pipeline\\Pipeline->{closure:{closure:Illuminate\\Pipeline\\Pipeline::carry():184}:185}()
#18 /www/wwwroot/sarpras.tiksmkn1beringin.my.id/vendor/laravel/framework/src/Illuminate/Pipeline/Pipeline.php(209): Illuminate\\Auth\\Middleware\\Authenticate->handle()
#19 /www/wwwroot/sarpras.tiksmkn1beringin.my.id/vendor/laravel/framework/src/Illuminate/Foundation/Http/Middleware/VerifyCsrfToken.php(88): Illuminate\\Pipeline\\Pipeline->{closure:{closure:Illuminate\\Pipeline\\Pipeline::carry():184}:185}()
#20 /www/wwwroot/sarpras.tiksmkn1beringin.my.id/vendor/laravel/framework/src/Illuminate/Pipeline/Pipeline.php(209): Illuminate\\Foundation\\Http\\Middleware\\VerifyCsrfToken->handle()
#21 /www/wwwroot/sarpras.tiksmkn1beringin.my.id/vendor/laravel/framework/src/Illuminate/View/Middleware/ShareErrorsFromSession.php(49): Illuminate\\Pipeline\\Pipeline->{closure:{closure:Illuminate\\Pipeline\\Pipeline::carry():184}:185}()
#22 /www/wwwroot/sarpras.tiksmkn1beringin.my.id/vendor/laravel/framework/src/Illuminate/Pipeline/Pipeline.php(209): Illuminate\\View\\Middleware\\ShareErrorsFromSession->handle()
#23 /www/wwwroot/sarpras.tiksmkn1beringin.my.id/vendor/laravel/framework/src/Illuminate/Session/Middleware/StartSession.php(121): Illuminate\\Pipeline\\Pipeline->{closure:{closure:Illuminate\\Pipeline\\Pipeline::carry():184}:185}()
#24 /www/wwwroot/sarpras.tiksmkn1beringin.my.id/vendor/laravel/framework/src/Illuminate/Session/Middleware/StartSession.php(64): Illuminate\\Session\\Middleware\\StartSession->handleStatefulRequest()
#25 /www/wwwroot/sarpras.tiksmkn1beringin.my.id/vendor/laravel/framework/src/Illuminate/Pipeline/Pipeline.php(209): Illuminate\\Session\\Middleware\\StartSession->handle()
#26 /www/wwwroot/sarpras.tiksmkn1beringin.my.id/vendor/laravel/framework/src/Illuminate/Cookie/Middleware/AddQueuedCookiesToResponse.php(37): Illuminate\\Pipeline\\Pipeline->{closure:{closure:Illuminate\\Pipeline\\Pipeline::carry():184}:185}()
#27 /www/wwwroot/sarpras.tiksmkn1beringin.my.id/vendor/laravel/framework/src/Illuminate/Pipeline/Pipeline.php(209): Illuminate\\Cookie\\Middleware\\AddQueuedCookiesToResponse->handle()
#28 /www/wwwroot/sarpras.tiksmkn1beringin.my.id/vendor/laravel/framework/src/Illuminate/Cookie/Middleware/EncryptCookies.php(75): Illuminate\\Pipeline\\Pipeline->{closure:{closure:Illuminate\\Pipeline\\Pipeline::carry():184}:185}()
#29 /www/wwwroot/sarpras.tiksmkn1beringin.my.id/vendor/laravel/framework/src/Illuminate/Pipeline/Pipeline.php(209): Illuminate\\Cookie\\Middleware\\EncryptCookies->handle()
#30 /www/wwwroot/sarpras.tiksmkn1beringin.my.id/vendor/laravel/framework/src/Illuminate/Pipeline/Pipeline.php(127): Illuminate\\Pipeline\\Pipeline->{closure:{closure:Illuminate\\Pipeline\\Pipeline::carry():184}:185}()
#31 /www/wwwroot/sarpras.tiksmkn1beringin.my.id/vendor/laravel/framework/src/Illuminate/Routing/Router.php(807): Illuminate\\Pipeline\\Pipeline->then()
#32 /www/wwwroot/sarpras.tiksmkn1beringin.my.id/vendor/laravel/framework/src/Illuminate/Routing/Router.php(786): Illuminate\\Routing\\Router->runRouteWithinStack()
#33 /www/wwwroot/sarpras.tiksmkn1beringin.my.id/vendor/laravel/framework/src/Illuminate/Routing/Router.php(750): Illuminate\\Routing\\Router->runRoute()
#34 /www/wwwroot/sarpras.tiksmkn1beringin.my.id/vendor/laravel/framework/src/Illuminate/Routing/Router.php(739): Illuminate\\Routing\\Router->dispatchToRoute()
#35 /www/wwwroot/sarpras.tiksmkn1beringin.my.id/vendor/laravel/framework/src/Illuminate/Foundation/Http/Kernel.php(201): Illuminate\\Routing\\Router->dispatch()
#36 /www/wwwroot/sarpras.tiksmkn1beringin.my.id/vendor/laravel/framework/src/Illuminate/Pipeline/Pipeline.php(170): Illuminate\\Foundation\\Http\\Kernel->{closure:Illuminate\\Foundation\\Http\\Kernel::dispatchToRouter():198}()
#37 /www/wwwroot/sarpras.tiksmkn1beringin.my.id/vendor/laravel/framework/src/Illuminate/Foundation/Http/Middleware/TransformsRequest.php(21): Illuminate\\Pipeline\\Pipeline->{closure:Illuminate\\Pipeline\\Pipeline::prepareDestination():168}()
#38 /www/wwwroot/sarpras.tiksmkn1beringin.my.id/vendor/laravel/framework/src/Illuminate/Foundation/Http/Middleware/ConvertEmptyStringsToNull.php(31): Illuminate\\Foundation\\Http\\Middleware\\TransformsRequest->handle()
#39 /www/wwwroot/sarpras.tiksmkn1beringin.my.id/vendor/laravel/framework/src/Illuminate/Pipeline/Pipeline.php(209): Illuminate\\Foundation\\Http\\Middleware\\ConvertEmptyStringsToNull->handle()
#40 /www/wwwroot/sarpras.tiksmkn1beringin.my.id/vendor/laravel/framework/src/Illuminate/Foundation/Http/Middleware/TransformsRequest.php(21): Illuminate\\Pipeline\\Pipeline->{closure:{closure:Illuminate\\Pipeline\\Pipeline::carry():184}:185}()
#41 /www/wwwroot/sarpras.tiksmkn1beringin.my.id/vendor/laravel/framework/src/Illuminate/Foundation/Http/Middleware/TrimStrings.php(51): Illuminate\\Foundation\\Http\\Middleware\\TransformsRequest->handle()
#42 /www/wwwroot/sarpras.tiksmkn1beringin.my.id/vendor/laravel/framework/src/Illuminate/Pipeline/Pipeline.php(209): Illuminate\\Foundation\\Http\\Middleware\\TrimStrings->handle()
#43 /www/wwwroot/sarpras.tiksmkn1beringin.my.id/vendor/laravel/framework/src/Illuminate/Http/Middleware/ValidatePostSize.php(27): Illuminate\\Pipeline\\Pipeline->{closure:{closure:Illuminate\\Pipeline\\Pipeline::carry():184}:185}()
#44 /www/wwwroot/sarpras.tiksmkn1beringin.my.id/vendor/laravel/framework/src/Illuminate/Pipeline/Pipeline.php(209): Illuminate\\Http\\Middleware\\ValidatePostSize->handle()
#45 /www/wwwroot/sarpras.tiksmkn1beringin.my.id/vendor/laravel/framework/src/Illuminate/Foundation/Http/Middleware/PreventRequestsDuringMaintenance.php(110): Illuminate\\Pipeline\\Pipeline->{closure:{closure:Illuminate\\Pipeline\\Pipeline::carry():184}:185}()
#46 /www/wwwroot/sarpras.tiksmkn1beringin.my.id/vendor/laravel/framework/src/Illuminate/Pipeline/Pipeline.php(209): Illuminate\\Foundation\\Http\\Middleware\\PreventRequestsDuringMaintenance->handle()
#47 /www/wwwroot/sarpras.tiksmkn1beringin.my.id/vendor/laravel/framework/src/Illuminate/Http/Middleware/HandleCors.php(49): Illuminate\\Pipeline\\Pipeline->{closure:{closure:Illuminate\\Pipeline\\Pipeline::carry():184}:185}()
#48 /www/wwwroot/sarpras.tiksmkn1beringin.my.id/vendor/laravel/framework/src/Illuminate/Pipeline/Pipeline.php(209): Illuminate\\Http\\Middleware\\HandleCors->handle()
#49 /www/wwwroot/sarpras.tiksmkn1beringin.my.id/vendor/laravel/framework/src/Illuminate/Http/Middleware/TrustProxies.php(58): Illuminate\\Pipeline\\Pipeline->{closure:{closure:Illuminate\\Pipeline\\Pipeline::carry():184}:185}()
#50 /www/wwwroot/sarpras.tiksmkn1beringin.my.id/vendor/laravel/framework/src/Illuminate/Pipeline/Pipeline.php(209): Illuminate\\Http\\Middleware\\TrustProxies->handle()
#51 /www/wwwroot/sarpras.tiksmkn1beringin.my.id/vendor/laravel/framework/src/Illuminate/Foundation/Http/Middleware/InvokeDeferredCallbacks.php(22): Illuminate\\Pipeline\\Pipeline->{closure:{closure:Illuminate\\Pipeline\\Pipeline::carry():184}:185}()
#52 /www/wwwroot/sarpras.tiksmkn1beringin.my.id/vendor/laravel/framework/src/Illuminate/Pipeline/Pipeline.php(209): Illuminate\\Foundation\\Http\\Middleware\\InvokeDeferredCallbacks->handle()
#53 /www/wwwroot/sarpras.tiksmkn1beringin.my.id/vendor/laravel/framework/src/Illuminate/Pipeline/Pipeline.php(127): Illuminate\\Pipeline\\Pipeline->{closure:{closure:Illuminate\\Pipeline\\Pipeline::carry():184}:185}()
#54 /www/wwwroot/sarpras.tiksmkn1beringin.my.id/vendor/laravel/framework/src/Illuminate/Foundation/Http/Kernel.php(176): Illuminate\\Pipeline\\Pipeline->then()
#55 /www/wwwroot/sarpras.tiksmkn1beringin.my.id/vendor/laravel/framework/src/Illuminate/Foundation/Http/Kernel.php(145): Illuminate\\Foundation\\Http\\Kernel->sendRequestThroughRouter()
#56 /www/wwwroot/sarpras.tiksmkn1beringin.my.id/vendor/laravel/framework/src/Illuminate/Foundation/Testing/Concerns/MakesHttpRequests.php(607): Illuminate\\Foundation\\Http\\Kernel->handle()
#57 /www/wwwroot/sarpras.tiksmkn1beringin.my.id/vendor/laravel/framework/src/Illuminate/Foundation/Testing/Concerns/MakesHttpRequests.php(368): Illuminate\\Foundation\\Testing\\TestCase->call()
#58 /www/wwwroot/sarpras.tiksmkn1beringin.my.id/tests/Feature/InventarisTest.php(43): Illuminate\\Foundation\\Testing\\TestCase->get()
#59 /www/wwwroot/sarpras.tiksmkn1beringin.my.id/vendor/phpunit/phpunit/src/Framework/TestCase.php(1548): Tests\\Feature\\InventarisTest->test_regular_user_can_access_inventaris_and_import_features()
#60 /www/wwwroot/sarpras.tiksmkn1beringin.my.id/vendor/phpunit/phpunit/src/Framework/TestCase.php(686): PHPUnit\\Framework\\TestCase->runTest()
#61 /www/wwwroot/sarpras.tiksmkn1beringin.my.id/vendor/phpunit/phpunit/src/Framework/TestRunner.php(106): PHPUnit\\Framework\\TestCase->runBare()
#62 /www/wwwroot/sarpras.tiksmkn1beringin.my.id/vendor/phpunit/phpunit/src/Framework/TestCase.php(516): PHPUnit\\Framework\\TestRunner->run()
#63 /www/wwwroot/sarpras.tiksmkn1beringin.my.id/vendor/phpunit/phpunit/src/Framework/TestSuite.php(374): PHPUnit\\Framework\\TestCase->run()
#64 /www/wwwroot/sarpras.tiksmkn1beringin.my.id/vendor/phpunit/phpunit/src/Framework/TestSuite.php(374): PHPUnit\\Framework\\TestSuite->run()
#65 /www/wwwroot/sarpras.tiksmkn1beringin.my.id/vendor/phpunit/phpunit/src/Framework/TestSuite.php(374): PHPUnit\\Framework\\TestSuite->run()
#66 /www/wwwroot/sarpras.tiksmkn1beringin.my.id/vendor/phpunit/phpunit/src/TextUI/TestRunner.php(64): PHPUnit\\Framework\\TestSuite->run()
#67 /www/wwwroot/sarpras.tiksmkn1beringin.my.id/vendor/phpunit/phpunit/src/TextUI/Application.php(204): PHPUnit\\TextUI\\TestRunner->run()
#68 /www/wwwroot/sarpras.tiksmkn1beringin.my.id/vendor/phpunit/phpunit/phpunit(104): PHPUnit\\TextUI\\Application->run()
#69 {main}
"} 
[2026-09-30 10:55:49] testing.ERROR: compact(): Undefined variable $totalNilai {"userId":2,"exception":"[object] (ErrorException(code: 0): compact(): Undefined variable $totalNilai at /www/wwwroot/sarpras.tiksmkn1beringin.my.id/app/Http/Controllers/InventarisController.php:279)
[stacktrace]
#0 /www/wwwroot/sarpras.tiksmkn1beringin.my.id/vendor/laravel/framework/src/Illuminate/Foundation/Bootstrap/HandleExceptions.php(258): Illuminate\\Foundation\\Bootstrap\\HandleExceptions->handleError()
#1 [internal function]: Illuminate\\Foundation\\Bootstrap\\HandleExceptions->{closure:Illuminate\\Foundation\\Bootstrap\\HandleExceptions::forwardsTo():257}()
#2 /www/wwwroot/sarpras.tiksmkn1beringin.my.id/app/Http/Controllers/InventarisController.php(279): compact()
#3 /www/wwwroot/sarpras.tiksmkn1beringin.my.id/vendor/laravel/framework/src/Illuminate/Routing/ControllerDispatcher.php(47): App\\Http\\Controllers\\InventarisController->exportPdf()
#4 /www/wwwroot/sarpras.tiksmkn1beringin.my.id/vendor/laravel/framework/src/Illuminate/Routing/Route.php(266): Illuminate\\Routing\\ControllerDispatcher->dispatch()
#5 /www/wwwroot/sarpras.tiksmkn1beringin.my.id/vendor/laravel/framework/src/Illuminate/Routing/Route.php(212): Illuminate\\Routing\\Route->runController()
#6 /www/wwwroot/sarpras.tiksmkn1beringin.my.id/vendor/laravel/framework/src/Illuminate/Routing/Router.php(808): Illuminate\\Routing\\Route->run()
#7 /www/wwwroot/sarpras.tiksmkn1beringin.my.id/vendor/laravel/framework/src/Illuminate/Pipeline/Pipeline.php(170): Illuminate\\Routing\\Router->{closure:Illuminate\\Routing\\Router::runRouteWithinStack():807}()
#8 /www/wwwroot/sarpras.tiksmkn1beringin.my.id/vendor/laravel/framework/src/Illuminate/Routing/Middleware/SubstituteBindings.php(51): Illuminate\\Pipeline\\Pipeline->{closure:Illuminate\\Pipeline\\Pipeline::prepareDestination():168}()
#9 /www/wwwroot/sarpras.tiksmkn1beringin.my.id/vendor/laravel/framework/src/Illuminate/Pipeline/Pipeline.php(209): Illuminate\\Routing\\Middleware\\SubstituteBindings->handle()
#10 /www/wwwroot/sarpras.tiksmkn1beringin.my.id/vendor/laravel/framework/src/Illuminate/Auth/Middleware/Authenticate.php(64): Illuminate\\Pipeline\\Pipeline->{closure:{closure:Illuminate\\Pipeline\\Pipeline::carry():184}:185}()
#11 /www/wwwroot/sarpras.tiksmkn1beringin.my.id/vendor/laravel/framework/src/Illuminate/Pipeline/Pipeline.php(209): Illuminate\\Auth\\Middleware\\Authenticate->handle()
#12 /www/wwwroot/sarpras.tiksmkn1beringin.my.id/vendor/laravel/framework/src/Illuminate/Foundation/Http/Middleware/VerifyCsrfToken.php(88): Illuminate\\Pipeline\\Pipeline->{closure:{closure:Illuminate\\Pipeline\\Pipeline::carry():184}:185}()
#13 /www/wwwroot/sarpras.tiksmkn1beringin.my.id/vendor/laravel/framework/src/Illuminate/Pipeline/Pipeline.php(209): Illuminate\\Foundation\\Http\\Middleware\\VerifyCsrfToken->handle()
#14 /www/wwwroot/sarpras.tiksmkn1beringin.my.id/vendor/laravel/framework/src/Illuminate/View/Middleware/ShareErrorsFromSession.php(49): Illuminate\\Pipeline\\Pipeline->{closure:{closure:Illuminate\\Pipeline\\Pipeline::carry():184}:185}()
#15 /www/wwwroot/sarpras.tiksmkn1beringin.my.id/vendor/laravel/framework/src/Illuminate/Pipeline/Pipeline.php(209): Illuminate\\View\\Middleware\\ShareErrorsFromSession->handle()
#16 /www/wwwroot/sarpras.tiksmkn1beringin.my.id/vendor/laravel/framework/src/Illuminate/Session/Middleware/StartSession.php(121): Illuminate\\Pipeline\\Pipeline->{closure:{closure:Illuminate\\Pipeline\\Pipeline::carry():184}:185}()
#17 /www/wwwroot/sarpras.tiksmkn1beringin.my.id/vendor/laravel/framework/src/Illuminate/Session/Middleware/StartSession.php(64): Illuminate\\Session\\Middleware\\StartSession->handleStatefulRequest()
#18 /www/wwwroot/sarpras.tiksmkn1beringin.my.id/vendor/laravel/framework/src/Illuminate/Pipeline/Pipeline.php(209): Illuminate\\Session\\Middleware\\StartSession->handle()
#19 /www/wwwroot/sarpras.tiksmkn1beringin.my.id/vendor/laravel/framework/src/Illuminate/Cookie/Middleware/AddQueuedCookiesToResponse.php(37): Illuminate\\Pipeline\\Pipeline->{closure:{closure:Illuminate\\Pipeline\\Pipeline::carry():184}:185}()
#20 /www/wwwroot/sarpras.tiksmkn1beringin.my.id/vendor/laravel/framework/src/Illuminate/Pipeline/Pipeline.php(209): Illuminate\\Cookie\\Middleware\\AddQueuedCookiesToResponse->handle()
#21 /www/wwwroot/sarpras.tiksmkn1beringin.my.id/vendor/laravel/framework/src/Illuminate/Cookie/Middleware/EncryptCookies.php(75): Illuminate\\Pipeline\\Pipeline->{closure:{closure:Illuminate\\Pipeline\\Pipeline::carry():184}:185}()
#22 /www/wwwroot/sarpras.tiksmkn1beringin.my.id/vendor/laravel/framework/src/Illuminate/Pipeline/Pipeline.php(209): Illuminate\\Cookie\\Middleware\\EncryptCookies->handle()
#23 /www/wwwroot/sarpras.tiksmkn1beringin.my.id/vendor/laravel/framework/src/Illuminate/Pipeline/Pipeline.php(127): Illuminate\\Pipeline\\Pipeline->{closure:{closure:Illuminate\\Pipeline\\Pipeline::carry():184}:185}()
#24 /www/wwwroot/sarpras.tiksmkn1beringin.my.id/vendor/laravel/framework/src/Illuminate/Routing/Router.php(807): Illuminate\\Pipeline\\Pipeline->then()
#25 /www/wwwroot/sarpras.tiksmkn1beringin.my.id/vendor/laravel/framework/src/Illuminate/Routing/Router.php(786): Illuminate\\Routing\\Router->runRouteWithinStack()
#26 /www/wwwroot/sarpras.tiksmkn1beringin.my.id/vendor/laravel/framework/src/Illuminate/Routing/Router.php(750): Illuminate\\Routing\\Router->runRoute()
#27 /www/wwwroot/sarpras.tiksmkn1beringin.my.id/vendor/laravel/framework/src/Illuminate/Routing/Router.php(739): Illuminate\\Routing\\Router->dispatchToRoute()
#28 /www/wwwroot/sarpras.tiksmkn1beringin.my.id/vendor/laravel/framework/src/Illuminate/Foundation/Http/Kernel.php(201): Illuminate\\Routing\\Router->dispatch()
#29 /www/wwwroot/sarpras.tiksmkn1beringin.my.id/vendor/laravel/framework/src/Illuminate/Pipeline/Pipeline.php(170): Illuminate\\Foundation\\Http\\Kernel->{closure:Illuminate\\Foundation\\Http\\Kernel::dispatchToRouter():198}()
#30 /www/wwwroot/sarpras.tiksmkn1beringin.my.id/vendor/laravel/framework/src/Illuminate/Foundation/Http/Middleware/TransformsRequest.php(21): Illuminate\\Pipeline\\Pipeline->{closure:Illuminate\\Pipeline\\Pipeline::prepareDestination():168}()
#31 /www/wwwroot/sarpras.tiksmkn1beringin.my.id/vendor/laravel/framework/src/Illuminate/Foundation/Http/Middleware/ConvertEmptyStringsToNull.php(31): Illuminate\\Foundation\\Http\\Middleware\\TransformsRequest->handle()
#32 /www/wwwroot/sarpras.tiksmkn1beringin.my.id/vendor/laravel/framework/src/Illuminate/Pipeline/Pipeline.php(209): Illuminate\\Foundation\\Http\\Middleware\\ConvertEmptyStringsToNull->handle()
#33 /www/wwwroot/sarpras.tiksmkn1beringin.my.id/vendor/laravel/framework/src/Illuminate/Foundation/Http/Middleware/TransformsRequest.php(21): Illuminate\\Pipeline\\Pipeline->{closure:{closure:Illuminate\\Pipeline\\Pipeline::carry():184}:185}()
#34 /www/wwwroot/sarpras.tiksmkn1beringin.my.id/vendor/laravel/framework/src/Illuminate/Foundation/Http/Middleware/TrimStrings.php(51): Illuminate\\Foundation\\Http\\Middleware\\TransformsRequest->handle()
#35 /www/wwwroot/sarpras.tiksmkn1beringin.my.id/vendor/laravel/framework/src/Illuminate/Pipeline/Pipeline.php(209): Illuminate\\Foundation\\Http\\Middleware\\TrimStrings->handle()
#36 /www/wwwroot/sarpras.tiksmkn1beringin.my.id/vendor/laravel/framework/src/Illuminate/Http/Middleware/ValidatePostSize.php(27): Illuminate\\Pipeline\\Pipeline->{closure:{closure:Illuminate\\Pipeline\\Pipeline::carry():184}:185}()
#37 /www/wwwroot/sarpras.tiksmkn1beringin.my.id/vendor/laravel/framework/src/Illuminate/Pipeline/Pipeline.php(209): Illuminate\\Http\\Middleware\\ValidatePostSize->handle()
#38 /www/wwwroot/sarpras.tiksmkn1beringin.my.id/vendor/laravel/framework/src/Illuminate/Foundation/Http/Middleware/PreventRequestsDuringMaintenance.php(110): Illuminate\\Pipeline\\Pipeline->{closure:{closure:Illuminate\\Pipeline\\Pipeline::carry():184}:185}()
#39 /www/wwwroot/sarpras.tiksmkn1beringin.my.id/vendor/laravel/framework/src/Illuminate/Pipeline/Pipeline.php(209): Illuminate\\Foundation\\Http\\Middleware\\PreventRequestsDuringMaintenance->handle()
#40 /www/wwwroot/sarpras.tiksmkn1beringin.my.id/vendor/laravel/framework/src/Illuminate/Http/Middleware/HandleCors.php(49): Illuminate\\Pipeline\\Pipeline->{closure:{closure:Illuminate\\Pipeline\\Pipeline::carry():184}:185}()
#41 /www/wwwroot/sarpras.tiksmkn1beringin.my.id/vendor/laravel/framework/src/Illuminate/Pipeline/Pipeline.php(209): Illuminate\\Http\\Middleware\\HandleCors->handle()
#42 /www/wwwroot/sarpras.tiksmkn1beringin.my.id/vendor/laravel/framework/src/Illuminate/Http/Middleware/TrustProxies.php(58): Illuminate\\Pipeline\\Pipeline->{closure:{closure:Illuminate\\Pipeline\\Pipeline::carry():184}:185}()
#43 /www/wwwroot/sarpras.tiksmkn1beringin.my.id/vendor/laravel/framework/src/Illuminate/Pipeline/Pipeline.php(209): Illuminate\\Http\\Middleware\\TrustProxies->handle()
#44 /www/wwwroot/sarpras.tiksmkn1beringin.my.id/vendor/laravel/framework/src/Illuminate/Foundation/Http/Middleware/InvokeDeferredCallbacks.php(22): Illuminate\\Pipeline\\Pipeline->{closure:{closure:Illuminate\\Pipeline\\Pipeline::carry():184}:185}()
#45 /www/wwwroot/sarpras.tiksmkn1beringin.my.id/vendor/laravel/framework/src/Illuminate/Pipeline/Pipeline.php(209): Illuminate\\Foundation\\Http\\Middleware\\InvokeDeferredCallbacks->handle()
#46 /www/wwwroot/sarpras.tiksmkn1beringin.my.id/vendor/laravel/framework/src/Illuminate/Pipeline/Pipeline.php(127): Illuminate\\Pipeline\\Pipeline->{closure:{closure:Illuminate\\Pipeline\\Pipeline::carry():184}:185}()
#47 /www/wwwroot/sarpras.tiksmkn1beringin.my.id/vendor/laravel/framework/src/Illuminate/Foundation/Http/Kernel.php(176): Illuminate\\Pipeline\\Pipeline->then()
#48 /www/wwwroot/sarpras.tiksmkn1beringin.my.id/vendor/laravel/framework/src/Illuminate/Foundation/Http/Kernel.php(145): Illuminate\\Foundation\\Http\\Kernel->sendRequestThroughRouter()
#49 /www/wwwroot/sarpras.tiksmkn1beringin.my.id/vendor/laravel/framework/src/Illuminate/Foundation/Testing/Concerns/MakesHttpRequests.php(607): Illuminate\\Foundation\\Http\\Kernel->handle()
#50 /www/wwwroot/sarpras.tiksmkn1beringin.my.id/vendor/laravel/framework/src/Illuminate/Foundation/Testing/Concerns/MakesHttpRequests.php(368): Illuminate\\Foundation\\Testing\\TestCase->call()
#51 /www/wwwroot/sarpras.tiksmkn1beringin.my.id/tests/Feature/InventarisTest.php(173): Illuminate\\Foundation\\Testing\\TestCase->get()
#52 /www/wwwroot/sarpras.tiksmkn1beringin.my.id/vendor/phpunit/phpunit/src/Framework/TestCase.php(1548): Tests\\Feature\\InventarisTest->test_can_export_pdf_with_month_filter_and_valid_lembar_pengesahan()
#53 /www/wwwroot/sarpras.tiksmkn1beringin.my.id/vendor/phpunit/phpunit/src/Framework/TestCase.php(686): PHPUnit\\Framework\\TestCase->runTest()
#54 /www/wwwroot/sarpras.tiksmkn1beringin.my.id/vendor/phpunit/phpunit/src/Framework/TestRunner.php(106): PHPUnit\\Framework\\TestCase->runBare()
#55 /www/wwwroot/sarpras.tiksmkn1beringin.my.id/vendor/phpunit/phpunit/src/Framework/TestCase.php(516): PHPUnit\\Framework\\TestRunner->run()
#56 /www/wwwroot/sarpras.tiksmkn1beringin.my.id/vendor/phpunit/phpunit/src/Framework/TestSuite.php(374): PHPUnit\\Framework\\TestCase->run()
#57 /www/wwwroot/sarpras.tiksmkn1beringin.my.id/vendor/phpunit/phpunit/src/Framework/TestSuite.php(374): PHPUnit\\Framework\\TestSuite->run()
#58 /www/wwwroot/sarpras.tiksmkn1beringin.my.id/vendor/phpunit/phpunit/src/Framework/TestSuite.php(374): PHPUnit\\Framework\\TestSuite->run()
#59 /www/wwwroot/sarpras.tiksmkn1beringin.my.id/vendor/phpunit/phpunit/src/TextUI/TestRunner.php(64): PHPUnit\\Framework\\TestSuite->run()
#60 /www/wwwroot/sarpras.tiksmkn1beringin.my.id/vendor/phpunit/phpunit/src/TextUI/Application.php(204): PHPUnit\\TextUI\\TestRunner->run()
#61 /www/wwwroot/sarpras.tiksmkn1beringin.my.id/vendor/phpunit/phpunit/phpunit(104): PHPUnit\\TextUI\\Application->run()
#62 {main}
"} 
[2026-09-30 11:06:19] testing.ERROR: SQLSTATE[HY000]: General error: 1 no such function: YEAR (Connection: sqlite, SQL: select distinct YEAR(tanggal_perolehan) as th from "inventaris_barangs" where "tanggal_perolehan" is not null) {"userId":1,"exception":"[object] (Illuminate\\Database\\QueryException(code: HY000): SQLSTATE[HY000]: General error: 1 no such function: YEAR (Connection: sqlite, SQL: select distinct YEAR(tanggal_perolehan) as th from \"inventaris_barangs\" where \"tanggal_perolehan\" is not null) at /www/wwwroot/sarpras.tiksmkn1beringin.my.id/vendor/laravel/framework/src/Illuminate/Database/Connection.php:825)
[stacktrace]
#0 /www/wwwroot/sarpras.tiksmkn1beringin.my.id/vendor/laravel/framework/src/Illuminate/Database/Connection.php(779): Illuminate\\Database\\Connection->runQueryCallback()
#1 /www/wwwroot/sarpras.tiksmkn1beringin.my.id/vendor/laravel/framework/src/Illuminate/Database/Connection.php(398): Illuminate\\Database\\Connection->run()
#2 /www/wwwroot/sarpras.tiksmkn1beringin.my.id/vendor/laravel/framework/src/Illuminate/Database/Query/Builder.php(3106): Illuminate\\Database\\Connection->select()
#3 /www/wwwroot/sarpras.tiksmkn1beringin.my.id/vendor/laravel/framework/src/Illuminate/Database/Query/Builder.php(3362): Illuminate\\Database\\Query\\Builder->runSelect()
#4 /www/wwwroot/sarpras.tiksmkn1beringin.my.id/vendor/laravel/framework/src/Illuminate/Database/Query/Builder.php(3676): Illuminate\\Database\\Query\\Builder->{closure:Illuminate\\Database\\Query\\Builder::pluck():3360}()
#5 /www/wwwroot/sarpras.tiksmkn1beringin.my.id/vendor/laravel/framework/src/Illuminate/Database/Query/Builder.php(3358): Illuminate\\Database\\Query\\Builder->onceWithColumns()
#6 /www/wwwroot/sarpras.tiksmkn1beringin.my.id/vendor/laravel/framework/src/Illuminate/Database/Eloquent/Builder.php(991): Illuminate\\Database\\Query\\Builder->pluck()
#7 /www/wwwroot/sarpras.tiksmkn1beringin.my.id/app/Http/Controllers/InventarisController.php(81): Illuminate\\Database\\Eloquent\\Builder->pluck()
#8 /www/wwwroot/sarpras.tiksmkn1beringin.my.id/vendor/laravel/framework/src/Illuminate/Routing/ControllerDispatcher.php(47): App\\Http\\Controllers\\InventarisController->index()
#9 /www/wwwroot/sarpras.tiksmkn1beringin.my.id/vendor/laravel/framework/src/Illuminate/Routing/Route.php(266): Illuminate\\Routing\\ControllerDispatcher->dispatch()
#10 /www/wwwroot/sarpras.tiksmkn1beringin.my.id/vendor/laravel/framework/src/Illuminate/Routing/Route.php(212): Illuminate\\Routing\\Route->runController()
#11 /www/wwwroot/sarpras.tiksmkn1beringin.my.id/vendor/laravel/framework/src/Illuminate/Routing/Router.php(808): Illuminate\\Routing\\Route->run()
#12 /www/wwwroot/sarpras.tiksmkn1beringin.my.id/vendor/laravel/framework/src/Illuminate/Pipeline/Pipeline.php(170): Illuminate\\Routing\\Router->{closure:Illuminate\\Routing\\Router::runRouteWithinStack():807}()
#13 /www/wwwroot/sarpras.tiksmkn1beringin.my.id/vendor/laravel/framework/src/Illuminate/Routing/Middleware/SubstituteBindings.php(51): Illuminate\\Pipeline\\Pipeline->{closure:Illuminate\\Pipeline\\Pipeline::prepareDestination():168}()
#14 /www/wwwroot/sarpras.tiksmkn1beringin.my.id/vendor/laravel/framework/src/Illuminate/Pipeline/Pipeline.php(209): Illuminate\\Routing\\Middleware\\SubstituteBindings->handle()
#15 /www/wwwroot/sarpras.tiksmkn1beringin.my.id/vendor/laravel/framework/src/Illuminate/Auth/Middleware/Authenticate.php(64): Illuminate\\Pipeline\\Pipeline->{closure:{closure:Illuminate\\Pipeline\\Pipeline::carry():184}:185}()
#16 /www/wwwroot/sarpras.tiksmkn1beringin.my.id/vendor/laravel/framework/src/Illuminate/Pipeline/Pipeline.php(209): Illuminate\\Auth\\Middleware\\Authenticate->handle()
#17 /www/wwwroot/sarpras.tiksmkn1beringin.my.id/vendor/laravel/framework/src/Illuminate/Foundation/Http/Middleware/VerifyCsrfToken.php(88): Illuminate\\Pipeline\\Pipeline->{closure:{closure:Illuminate\\Pipeline\\Pipeline::carry():184}:185}()
#18 /www/wwwroot/sarpras.tiksmkn1beringin.my.id/vendor/laravel/framework/src/Illuminate/Pipeline/Pipeline.php(209): Illuminate\\Foundation\\Http\\Middleware\\VerifyCsrfToken->handle()
#19 /www/wwwroot/sarpras.tiksmkn1beringin.my.id/vendor/laravel/framework/src/Illuminate/View/Middleware/ShareErrorsFromSession.php(49): Illuminate\\Pipeline\\Pipeline->{closure:{closure:Illuminate\\Pipeline\\Pipeline::carry():184}:185}()
#20 /www/wwwroot/sarpras.tiksmkn1beringin.my.id/vendor/laravel/framework/src/Illuminate/Pipeline/Pipeline.php(209): Illuminate\\View\\Middleware\\ShareErrorsFromSession->handle()
#21 /www/wwwroot/sarpras.tiksmkn1beringin.my.id/vendor/laravel/framework/src/Illuminate/Session/Middleware/StartSession.php(121): Illuminate\\Pipeline\\Pipeline->{closure:{closure:Illuminate\\Pipeline\\Pipeline::carry():184}:185}()
#22 /www/wwwroot/sarpras.tiksmkn1beringin.my.id/vendor/laravel/framework/src/Illuminate/Session/Middleware/StartSession.php(64): Illuminate\\Session\\Middleware\\StartSession->handleStatefulRequest()
#23 /www/wwwroot/sarpras.tiksmkn1beringin.my.id/vendor/laravel/framework/src/Illuminate/Pipeline/Pipeline.php(209): Illuminate\\Session\\Middleware\\StartSession->handle()
#24 /www/wwwroot/sarpras.tiksmkn1beringin.my.id/vendor/laravel/framework/src/Illuminate/Cookie/Middleware/AddQueuedCookiesToResponse.php(37): Illuminate\\Pipeline\\Pipeline->{closure:{closure:Illuminate\\Pipeline\\Pipeline::carry():184}:185}()
#25 /www/wwwroot/sarpras.tiksmkn1beringin.my.id/vendor/laravel/framework/src/Illuminate/Pipeline/Pipeline.php(209): Illuminate\\Cookie\\Middleware\\AddQueuedCookiesToResponse->handle()
#26 /www/wwwroot/sarpras.tiksmkn1beringin.my.id/vendor/laravel/framework/src/Illuminate/Cookie/Middleware/EncryptCookies.php(75): Illuminate\\Pipeline\\Pipeline->{closure:{closure:Illuminate\\Pipeline\\Pipeline::carry():184}:185}()
#27 /www/wwwroot/sarpras.tiksmkn1beringin.my.id/vendor/laravel/framework/src/Illuminate/Pipeline/Pipeline.php(209): Illuminate\\Cookie\\Middleware\\EncryptCookies->handle()
#28 /www/wwwroot/sarpras.tiksmkn1beringin.my.id/vendor/laravel/framework/src/Illuminate/Pipeline/Pipeline.php(127): Illuminate\\Pipeline\\Pipeline->{closure:{closure:Illuminate\\Pipeline\\Pipeline::carry():184}:185}()
#29 /www/wwwroot/sarpras.tiksmkn1beringin.my.id/vendor/laravel/framework/src/Illuminate/Routing/Router.php(807): Illuminate\\Pipeline\\Pipeline->then()
#30 /www/wwwroot/sarpras.tiksmkn1beringin.my.id/vendor/laravel/framework/src/Illuminate/Routing/Router.php(786): Illuminate\\Routing\\Router->runRouteWithinStack()
#31 /www/wwwroot/sarpras.tiksmkn1beringin.my.id/vendor/laravel/framework/src/Illuminate/Routing/Router.php(750): Illuminate\\Routing\\Router->runRoute()
#32 /www/wwwroot/sarpras.tiksmkn1beringin.my.id/vendor/laravel/framework/src/Illuminate/Routing/Router.php(739): Illuminate\\Routing\\Router->dispatchToRoute()
#33 /www/wwwroot/sarpras.tiksmkn1beringin.my.id/vendor/laravel/framework/src/Illuminate/Foundation/Http/Kernel.php(201): Illuminate\\Routing\\Router->dispatch()
#34 /www/wwwroot/sarpras.tiksmkn1beringin.my.id/vendor/laravel/framework/src/Illuminate/Pipeline/Pipeline.php(170): Illuminate\\Foundation\\Http\\Kernel->{closure:Illuminate\\Foundation\\Http\\Kernel::dispatchToRouter():198}()
#35 /www/wwwroot/sarpras.tiksmkn1beringin.my.id/vendor/laravel/framework/src/Illuminate/Foundation/Http/Middleware/TransformsRequest.php(21): Illuminate\\Pipeline\\Pipeline->{closure:Illuminate\\Pipeline\\Pipeline::prepareDestination():168}()
#36 /www/wwwroot/sarpras.tiksmkn1beringin.my.id/vendor/laravel/framework/src/Illuminate/Foundation/Http/Middleware/ConvertEmptyStringsToNull.php(31): Illuminate\\Foundation\\Http\\Middleware\\TransformsRequest->handle()
#37 /www/wwwroot/sarpras.tiksmkn1beringin.my.id/vendor/laravel/framework/src/Illuminate/Pipeline/Pipeline.php(209): Illuminate\\Foundation\\Http\\Middleware\\ConvertEmptyStringsToNull->handle()
#38 /www/wwwroot/sarpras.tiksmkn1beringin.my.id/vendor/laravel/framework/src/Illuminate/Foundation/Http/Middleware/TransformsRequest.php(21): Illuminate\\Pipeline\\Pipeline->{closure:{closure:Illuminate\\Pipeline\\Pipeline::carry():184}:185}()
#39 /www/wwwroot/sarpras.tiksmkn1beringin.my.id/vendor/laravel/framework/src/Illuminate/Foundation/Http/Middleware/TrimStrings.php(51): Illuminate\\Foundation\\Http\\Middleware\\TransformsRequest->handle()
#40 /www/wwwroot/sarpras.tiksmkn1beringin.my.id/vendor/laravel/framework/src/Illuminate/Pipeline/Pipeline.php(209): Illuminate\\Foundation\\Http\\Middleware\\TrimStrings->handle()
#41 /www/wwwroot/sarpras.tiksmkn1beringin.my.id/vendor/laravel/framework/src/Illuminate/Http/Middleware/ValidatePostSize.php(27): Illuminate\\Pipeline\\Pipeline->{closure:{closure:Illuminate\\Pipeline\\Pipeline::carry():184}:185}()
#42 /www/wwwroot/sarpras.tiksmkn1beringin.my.id/vendor/laravel/framework/src/Illuminate/Pipeline/Pipeline.php(209): Illuminate\\Http\\Middleware\\ValidatePostSize->handle()
#43 /www/wwwroot/sarpras.tiksmkn1beringin.my.id/vendor/laravel/framework/src/Illuminate/Foundation/Http/Middleware/PreventRequestsDuringMaintenance.php(110): Illuminate\\Pipeline\\Pipeline->{closure:{closure:Illuminate\\Pipeline\\Pipeline::carry():184}:185}()
#44 /www/wwwroot/sarpras.tiksmkn1beringin.my.id/vendor/laravel/framework/src/Illuminate/Pipeline/Pipeline.php(209): Illuminate\\Foundation\\Http\\Middleware\\PreventRequestsDuringMaintenance->handle()
#45 /www/wwwroot/sarpras.tiksmkn1beringin.my.id/vendor/laravel/framework/src/Illuminate/Http/Middleware/HandleCors.php(49): Illuminate\\Pipeline\\Pipeline->{closure:{closure:Illuminate\\Pipeline\\Pipeline::carry():184}:185}()
#46 /www/wwwroot/sarpras.tiksmkn1beringin.my.id/vendor/laravel/framework/src/Illuminate/Pipeline/Pipeline.php(209): Illuminate\\Http\\Middleware\\HandleCors->handle()
#47 /www/wwwroot/sarpras.tiksmkn1beringin.my.id/vendor/laravel/framework/src/Illuminate/Http/Middleware/TrustProxies.php(58): Illuminate\\Pipeline\\Pipeline->{closure:{closure:Illuminate\\Pipeline\\Pipeline::carry():184}:185}()
#48 /www/wwwroot/sarpras.tiksmkn1beringin.my.id/vendor/laravel/framework/src/Illuminate/Pipeline/Pipeline.php(209): Illuminate\\Http\\Middleware\\TrustProxies->handle()
#49 /www/wwwroot/sarpras.tiksmkn1beringin.my.id/vendor/laravel/framework/src/Illuminate/Foundation/Http/Middleware/InvokeDeferredCallbacks.php(22): Illuminate\\Pipeline\\Pipeline->{closure:{closure:Illuminate\\Pipeline\\Pipeline::carry():184}:185}()
#50 /www/wwwroot/sarpras.tiksmkn1beringin.my.id/vendor/laravel/framework/src/Illuminate/Pipeline/Pipeline.php(209): Illuminate\\Foundation\\Http\\Middleware\\InvokeDeferredCallbacks->handle()
#51 /www/wwwroot/sarpras.tiksmkn1beringin.my.id/vendor/laravel/framework/src/Illuminate/Pipeline/Pipeline.php(127): Illuminate\\Pipeline\\Pipeline->{closure:{closure:Illuminate\\Pipeline\\Pipeline::carry():184}:185}()
#52 /www/wwwroot/sarpras.tiksmkn1beringin.my.id/vendor/laravel/framework/src/Illuminate/Foundation/Http/Kernel.php(176): Illuminate\\Pipeline\\Pipeline->then()
#53 /www/wwwroot/sarpras.tiksmkn1beringin.my.id/vendor/laravel/framework/src/Illuminate/Foundation/Http/Kernel.php(145): Illuminate\\Foundation\\Http\\Kernel->sendRequestThroughRouter()
#54 /www/wwwroot/sarpras.tiksmkn1beringin.my.id/vendor/laravel/framework/src/Illuminate/Foundation/Testing/Concerns/MakesHttpRequests.php(607): Illuminate\\Foundation\\Http\\Kernel->handle()
#55 /www/wwwroot/sarpras.tiksmkn1beringin.my.id/vendor/laravel/framework/src/Illuminate/Foundation/Testing/Concerns/MakesHttpRequests.php(368): Illuminate\\Foundation\\Testing\\TestCase->call()
#56 /www/wwwroot/sarpras.tiksmkn1beringin.my.id/tests/Feature/InventarisTest.php(30): Illuminate\\Foundation\\Testing\\TestCase->get()
#57 /www/wwwroot/sarpras.tiksmkn1beringin.my.id/vendor/phpunit/phpunit/src/Framework/TestCase.php(1548): Tests\\Feature\\InventarisTest->test_can_access_inventaris_index_with_filters()
#58 /www/wwwroot/sarpras.tiksmkn1beringin.my.id/vendor/phpunit/phpunit/src/Framework/TestCase.php(686): PHPUnit\\Framework\\TestCase->runTest()
#59 /www/wwwroot/sarpras.tiksmkn1beringin.my.id/vendor/phpunit/phpunit/src/Framework/TestRunner.php(106): PHPUnit\\Framework\\TestCase->runBare()
#60 /www/wwwroot/sarpras.tiksmkn1beringin.my.id/vendor/phpunit/phpunit/src/Framework/TestCase.php(516): PHPUnit\\Framework\\TestRunner->run()
#61 /www/wwwroot/sarpras.tiksmkn1beringin.my.id/vendor/phpunit/phpunit/src/Framework/TestSuite.php(374): PHPUnit\\Framework\\TestCase->run()
#62 /www/wwwroot/sarpras.tiksmkn1beringin.my.id/vendor/phpunit/phpunit/src/Framework/TestSuite.php(374): PHPUnit\\Framework\\TestSuite->run()
#63 /www/wwwroot/sarpras.tiksmkn1beringin.my.id/vendor/phpunit/phpunit/src/Framework/TestSuite.php(374): PHPUnit\\Framework\\TestSuite->run()
#64 /www/wwwroot/sarpras.tiksmkn1beringin.my.id/vendor/phpunit/phpunit/src/TextUI/TestRunner.php(64): PHPUnit\\Framework\\TestSuite->run()
#65 /www/wwwroot/sarpras.tiksmkn1beringin.my.id/vendor/phpunit/phpunit/src/TextUI/Application.php(204): PHPUnit\\TextUI\\TestRunner->run()
#66 /www/wwwroot/sarpras.tiksmkn1beringin.my.id/vendor/phpunit/phpunit/phpunit(104): PHPUnit\\TextUI\\Application->run()
#67 {main}

[previous exception] [object] (PDOException(code: HY000): SQLSTATE[HY000]: General error: 1 no such function: YEAR at /www/wwwroot/sarpras.tiksmkn1beringin.my.id/vendor/laravel/framework/src/Illuminate/Database/Connection.php:407)
[stacktrace]
#0 /www/wwwroot/sarpras.tiksmkn1beringin.my.id/vendor/laravel/framework/src/Illuminate/Database/Connection.php(407): PDO->prepare()
#1 /www/wwwroot/sarpras.tiksmkn1beringin.my.id/vendor/laravel/framework/src/Illuminate/Database/Connection.php(812): Illuminate\\Database\\Connection->{closure:Illuminate\\Database\\Connection::select():398}()
#2 /www/wwwroot/sarpras.tiksmkn1beringin.my.id/vendor/laravel/framework/src/Illuminate/Database/Connection.php(779): Illuminate\\Database\\Connection->runQueryCallback()
#3 /www/wwwroot/sarpras.tiksmkn1beringin.my.id/vendor/laravel/framework/src/Illuminate/Database/Connection.php(398): Illuminate\\Database\\Connection->run()
#4 /www/wwwroot/sarpras.tiksmkn1beringin.my.id/vendor/laravel/framework/src/Illuminate/Database/Query/Builder.php(3106): Illuminate\\Database\\Connection->select()
#5 /www/wwwroot/sarpras.tiksmkn1beringin.my.id/vendor/laravel/framework/src/Illuminate/Database/Query/Builder.php(3362): Illuminate\\Database\\Query\\Builder->runSelect()
#6 /www/wwwroot/sarpras.tiksmkn1beringin.my.id/vendor/laravel/framework/src/Illuminate/Database/Query/Builder.php(3676): Illuminate\\Database\\Query\\Builder->{closure:Illuminate\\Database\\Query\\Builder::pluck():3360}()
#7 /www/wwwroot/sarpras.tiksmkn1beringin.my.id/vendor/laravel/framework/src/Illuminate/Database/Query/Builder.php(3358): Illuminate\\Database\\Query\\Builder->onceWithColumns()
#8 /www/wwwroot/sarpras.tiksmkn1beringin.my.id/vendor/laravel/framework/src/Illuminate/Database/Eloquent/Builder.php(991): Illuminate\\Database\\Query\\Builder->pluck()
#9 /www/wwwroot/sarpras.tiksmkn1beringin.my.id/app/Http/Controllers/InventarisController.php(81): Illuminate\\Database\\Eloquent\\Builder->pluck()
#10 /www/wwwroot/sarpras.tiksmkn1beringin.my.id/vendor/laravel/framework/src/Illuminate/Routing/ControllerDispatcher.php(47): App\\Http\\Controllers\\InventarisController->index()
#11 /www/wwwroot/sarpras.tiksmkn1beringin.my.id/vendor/laravel/framework/src/Illuminate/Routing/Route.php(266): Illuminate\\Routing\\ControllerDispatcher->dispatch()
#12 /www/wwwroot/sarpras.tiksmkn1beringin.my.id/vendor/laravel/framework/src/Illuminate/Routing/Route.php(212): Illuminate\\Routing\\Route->runController()
#13 /www/wwwroot/sarpras.tiksmkn1beringin.my.id/vendor/laravel/framework/src/Illuminate/Routing/Router.php(808): Illuminate\\Routing\\Route->run()
#14 /www/wwwroot/sarpras.tiksmkn1beringin.my.id/vendor/laravel/framework/src/Illuminate/Pipeline/Pipeline.php(170): Illuminate\\Routing\\Router->{closure:Illuminate\\Routing\\Router::runRouteWithinStack():807}()
#15 /www/wwwroot/sarpras.tiksmkn1beringin.my.id/vendor/laravel/framework/src/Illuminate/Routing/Middleware/SubstituteBindings.php(51): Illuminate\\Pipeline\\Pipeline->{closure:Illuminate\\Pipeline\\Pipeline::prepareDestination():168}()
#16 /www/wwwroot/sarpras.tiksmkn1beringin.my.id/vendor/laravel/framework/src/Illuminate/Pipeline/Pipeline.php(209): Illuminate\\Routing\\Middleware\\SubstituteBindings->handle()
#17 /www/wwwroot/sarpras.tiksmkn1beringin.my.id/vendor/laravel/framework/src/Illuminate/Auth/Middleware/Authenticate.php(64): Illuminate\\Pipeline\\Pipeline->{closure:{closure:Illuminate\\Pipeline\\Pipeline::carry():184}:185}()
#18 /www/wwwroot/sarpras.tiksmkn1beringin.my.id/vendor/laravel/framework/src/Illuminate/Pipeline/Pipeline.php(209): Illuminate\\Auth\\Middleware\\Authenticate->handle()
#19 /www/wwwroot/sarpras.tiksmkn1beringin.my.id/vendor/laravel/framework/src/Illuminate/Foundation/Http/Middleware/VerifyCsrfToken.php(88): Illuminate\\Pipeline\\Pipeline->{closure:{closure:Illuminate\\Pipeline\\Pipeline::carry():184}:185}()
#20 /www/wwwroot/sarpras.tiksmkn1beringin.my.id/vendor/laravel/framework/src/Illuminate/Pipeline/Pipeline.php(209): Illuminate\\Foundation\\Http\\Middleware\\VerifyCsrfToken->handle()
#21 /www/wwwroot/sarpras.tiksmkn1beringin.my.id/vendor/laravel/framework/src/Illuminate/View/Middleware/ShareErrorsFromSession.php(49): Illuminate\\Pipeline\\Pipeline->{closure:{closure:Illuminate\\Pipeline\\Pipeline::carry():184}:185}()
#22 /www/wwwroot/sarpras.tiksmkn1beringin.my.id/vendor/laravel/framework/src/Illuminate/Pipeline/Pipeline.php(209): Illuminate\\View\\Middleware\\ShareErrorsFromSession->handle()
#23 /www/wwwroot/sarpras.tiksmkn1beringin.my.id/vendor/laravel/framework/src/Illuminate/Session/Middleware/StartSession.php(121): Illuminate\\Pipeline\\Pipeline->{closure:{closure:Illuminate\\Pipeline\\Pipeline::carry():184}:185}()
#24 /www/wwwroot/sarpras.tiksmkn1beringin.my.id/vendor/laravel/framework/src/Illuminate/Session/Middleware/StartSession.php(64): Illuminate\\Session\\Middleware\\StartSession->handleStatefulRequest()
#25 /www/wwwroot/sarpras.tiksmkn1beringin.my.id/vendor/laravel/framework/src/Illuminate/Pipeline/Pipeline.php(209): Illuminate\\Session\\Middleware\\StartSession->handle()
#26 /www/wwwroot/sarpras.tiksmkn1beringin.my.id/vendor/laravel/framework/src/Illuminate/Cookie/Middleware/AddQueuedCookiesToResponse.php(37): Illuminate\\Pipeline\\Pipeline->{closure:{closure:Illuminate\\Pipeline\\Pipeline::carry():184}:185}()
#27 /www/wwwroot/sarpras.tiksmkn1beringin.my.id/vendor/laravel/framework/src/Illuminate/Pipeline/Pipeline.php(209): Illuminate\\Cookie\\Middleware\\AddQueuedCookiesToResponse->handle()
#28 /www/wwwroot/sarpras.tiksmkn1beringin.my.id/vendor/laravel/framework/src/Illuminate/Cookie/Middleware/EncryptCookies.php(75): Illuminate\\Pipeline\\Pipeline->{closure:{closure:Illuminate\\Pipeline\\Pipeline::carry():184}:185}()
#29 /www/wwwroot/sarpras.tiksmkn1beringin.my.id/vendor/laravel/framework/src/Illuminate/Pipeline/Pipeline.php(209): Illuminate\\Cookie\\Middleware\\EncryptCookies->handle()
#30 /www/wwwroot/sarpras.tiksmkn1beringin.my.id/vendor/laravel/framework/src/Illuminate/Pipeline/Pipeline.php(127): Illuminate\\Pipeline\\Pipeline->{closure:{closure:Illuminate\\Pipeline\\Pipeline::carry():184}:185}()
#31 /www/wwwroot/sarpras.tiksmkn1beringin.my.id/vendor/laravel/framework/src/Illuminate/Routing/Router.php(807): Illuminate\\Pipeline\\Pipeline->then()
#32 /www/wwwroot/sarpras.tiksmkn1beringin.my.id/vendor/laravel/framework/src/Illuminate/Routing/Router.php(786): Illuminate\\Routing\\Router->runRouteWithinStack()
#33 /www/wwwroot/sarpras.tiksmkn1beringin.my.id/vendor/laravel/framework/src/Illuminate/Routing/Router.php(750): Illuminate\\Routing\\Router->runRoute()
#34 /www/wwwroot/sarpras.tiksmkn1beringin.my.id/vendor/laravel/framework/src/Illuminate/Routing/Router.php(739): Illuminate\\Routing\\Router->dispatchToRoute()
#35 /www/wwwroot/sarpras.tiksmkn1beringin.my.id/vendor/laravel/framework/src/Illuminate/Foundation/Http/Kernel.php(201): Illuminate\\Routing\\Router->dispatch()
#36 /www/wwwroot/sarpras.tiksmkn1beringin.my.id/vendor/laravel/framework/src/Illuminate/Pipeline/Pipeline.php(170): Illuminate\\Foundation\\Http\\Kernel->{closure:Illuminate\\Foundation\\Http\\Kernel::dispatchToRouter():198}()
#37 /www/wwwroot/sarpras.tiksmkn1beringin.my.id/vendor/laravel/framework/src/Illuminate/Foundation/Http/Middleware/TransformsRequest.php(21): Illuminate\\Pipeline\\Pipeline->{closure:Illuminate\\Pipeline\\Pipeline::prepareDestination():168}()
#38 /www/wwwroot/sarpras.tiksmkn1beringin.my.id/vendor/laravel/framework/src/Illuminate/Foundation/Http/Middleware/ConvertEmptyStringsToNull.php(31): Illuminate\\Foundation\\Http\\Middleware\\TransformsRequest->handle()
#39 /www/wwwroot/sarpras.tiksmkn1beringin.my.id/vendor/laravel/framework/src/Illuminate/Pipeline/Pipeline.php(209): Illuminate\\Foundation\\Http\\Middleware\\ConvertEmptyStringsToNull->handle()
#40 /www/wwwroot/sarpras.tiksmkn1beringin.my.id/vendor/laravel/framework/src/Illuminate/Foundation/Http/Middleware/TransformsRequest.php(21): Illuminate\\Pipeline\\Pipeline->{closure:{closure:Illuminate\\Pipeline\\Pipeline::carry():184}:185}()
#41 /www/wwwroot/sarpras.tiksmkn1beringin.my.id/vendor/laravel/framework/src/Illuminate/Foundation/Http/Middleware/TrimStrings.php(51): Illuminate\\Foundation\\Http\\Middleware\\TransformsRequest->handle()
#42 /www/wwwroot/sarpras.tiksmkn1beringin.my.id/vendor/laravel/framework/src/Illuminate/Pipeline/Pipeline.php(209): Illuminate\\Foundation\\Http\\Middleware\\TrimStrings->handle()
#43 /www/wwwroot/sarpras.tiksmkn1beringin.my.id/vendor/laravel/framework/src/Illuminate/Http/Middleware/ValidatePostSize.php(27): Illuminate\\Pipeline\\Pipeline->{closure:{closure:Illuminate\\Pipeline\\Pipeline::carry():184}:185}()
#44 /www/wwwroot/sarpras.tiksmkn1beringin.my.id/vendor/laravel/framework/src/Illuminate/Pipeline/Pipeline.php(209): Illuminate\\Http\\Middleware\\ValidatePostSize->handle()
#45 /www/wwwroot/sarpras.tiksmkn1beringin.my.id/vendor/laravel/framework/src/Illuminate/Foundation/Http/Middleware/PreventRequestsDuringMaintenance.php(110): Illuminate\\Pipeline\\Pipeline->{closure:{closure:Illuminate\\Pipeline\\Pipeline::carry():184}:185}()
#46 /www/wwwroot/sarpras.tiksmkn1beringin.my.id/vendor/laravel/framework/src/Illuminate/Pipeline/Pipeline.php(209): Illuminate\\Foundation\\Http\\Middleware\\PreventRequestsDuringMaintenance->handle()
#47 /www/wwwroot/sarpras.tiksmkn1beringin.my.id/vendor/laravel/framework/src/Illuminate/Http/Middleware/HandleCors.php(49): Illuminate\\Pipeline\\Pipeline->{closure:{closure:Illuminate\\Pipeline\\Pipeline::carry():184}:185}()
#48 /www/wwwroot/sarpras.tiksmkn1beringin.my.id/vendor/laravel/framework/src/Illuminate/Pipeline/Pipeline.php(209): Illuminate\\Http\\Middleware\\HandleCors->handle()
#49 /www/wwwroot/sarpras.tiksmkn1beringin.my.id/vendor/laravel/framework/src/Illuminate/Http/Middleware/TrustProxies.php(58): Illuminate\\Pipeline\\Pipeline->{closure:{closure:Illuminate\\Pipeline\\Pipeline::carry():184}:185}()
#50 /www/wwwroot/sarpras.tiksmkn1beringin.my.id/vendor/laravel/framework/src/Illuminate/Pipeline/Pipeline.php(209): Illuminate\\Http\\Middleware\\TrustProxies->handle()
#51 /www/wwwroot/sarpras.tiksmkn1beringin.my.id/vendor/laravel/framework/src/Illuminate/Foundation/Http/Middleware/InvokeDeferredCallbacks.php(22): Illuminate\\Pipeline\\Pipeline->{closure:{closure:Illuminate\\Pipeline\\Pipeline::carry():184}:185}()
#52 /www/wwwroot/sarpras.tiksmkn1beringin.my.id/vendor/laravel/framework/src/Illuminate/Pipeline/Pipeline.php(209): Illuminate\\Foundation\\Http\\Middleware\\InvokeDeferredCallbacks->handle()
#53 /www/wwwroot/sarpras.tiksmkn1beringin.my.id/vendor/laravel/framework/src/Illuminate/Pipeline/Pipeline.php(127): Illuminate\\Pipeline\\Pipeline->{closure:{closure:Illuminate\\Pipeline\\Pipeline::carry():184}:185}()
#54 /www/wwwroot/sarpras.tiksmkn1beringin.my.id/vendor/laravel/framework/src/Illuminate/Foundation/Http/Kernel.php(176): Illuminate\\Pipeline\\Pipeline->then()
#55 /www/wwwroot/sarpras.tiksmkn1beringin.my.id/vendor/laravel/framework/src/Illuminate/Foundation/Http/Kernel.php(145): Illuminate\\Foundation\\Http\\Kernel->sendRequestThroughRouter()
#56 /www/wwwroot/sarpras.tiksmkn1beringin.my.id/vendor/laravel/framework/src/Illuminate/Foundation/Testing/Concerns/MakesHttpRequests.php(607): Illuminate\\Foundation\\Http\\Kernel->handle()
#57 /www/wwwroot/sarpras.tiksmkn1beringin.my.id/vendor/laravel/framework/src/Illuminate/Foundation/Testing/Concerns/MakesHttpRequests.php(368): Illuminate\\Foundation\\Testing\\TestCase->call()
#58 /www/wwwroot/sarpras.tiksmkn1beringin.my.id/tests/Feature/InventarisTest.php(30): Illuminate\\Foundation\\Testing\\TestCase->get()
#59 /www/wwwroot/sarpras.tiksmkn1beringin.my.id/vendor/phpunit/phpunit/src/Framework/TestCase.php(1548): Tests\\Feature\\InventarisTest->test_can_access_inventaris_index_with_filters()
#60 /www/wwwroot/sarpras.tiksmkn1beringin.my.id/vendor/phpunit/phpunit/src/Framework/TestCase.php(686): PHPUnit\\Framework\\TestCase->runTest()
#61 /www/wwwroot/sarpras.tiksmkn1beringin.my.id/vendor/phpunit/phpunit/src/Framework/TestRunner.php(106): PHPUnit\\Framework\\TestCase->runBare()
#62 /www/wwwroot/sarpras.tiksmkn1beringin.my.id/vendor/phpunit/phpunit/src/Framework/TestCase.php(516): PHPUnit\\Framework\\TestRunner->run()
#63 /www/wwwroot/sarpras.tiksmkn1beringin.my.id/vendor/phpunit/phpunit/src/Framework/TestSuite.php(374): PHPUnit\\Framework\\TestCase->run()
#64 /www/wwwroot/sarpras.tiksmkn1beringin.my.id/vendor/phpunit/phpunit/src/Framework/TestSuite.php(374): PHPUnit\\Framework\\TestSuite->run()
#65 /www/wwwroot/sarpras.tiksmkn1beringin.my.id/vendor/phpunit/phpunit/src/Framework/TestSuite.php(374): PHPUnit\\Framework\\TestSuite->run()
#66 /www/wwwroot/sarpras.tiksmkn1beringin.my.id/vendor/phpunit/phpunit/src/TextUI/TestRunner.php(64): PHPUnit\\Framework\\TestSuite->run()
#67 /www/wwwroot/sarpras.tiksmkn1beringin.my.id/vendor/phpunit/phpunit/src/TextUI/Application.php(204): PHPUnit\\TextUI\\TestRunner->run()
#68 /www/wwwroot/sarpras.tiksmkn1beringin.my.id/vendor/phpunit/phpunit/phpunit(104): PHPUnit\\TextUI\\Application->run()
#69 {main}
"} 
[2026-09-30 11:06:19] testing.ERROR: SQLSTATE[HY000]: General error: 1 no such function: YEAR (Connection: sqlite, SQL: select distinct YEAR(tanggal_perolehan) as th from "inventaris_barangs" where "tanggal_perolehan" is not null) {"userId":2,"exception":"[object] (Illuminate\\Database\\QueryException(code: HY000): SQLSTATE[HY000]: General error: 1 no such function: YEAR (Connection: sqlite, SQL: select distinct YEAR(tanggal_perolehan) as th from \"inventaris_barangs\" where \"tanggal_perolehan\" is not null) at /www/wwwroot/sarpras.tiksmkn1beringin.my.id/vendor/laravel/framework/src/Illuminate/Database/Connection.php:825)
[stacktrace]
#0 /www/wwwroot/sarpras.tiksmkn1beringin.my.id/vendor/laravel/framework/src/Illuminate/Database/Connection.php(779): Illuminate\\Database\\Connection->runQueryCallback()
#1 /www/wwwroot/sarpras.tiksmkn1beringin.my.id/vendor/laravel/framework/src/Illuminate/Database/Connection.php(398): Illuminate\\Database\\Connection->run()
#2 /www/wwwroot/sarpras.tiksmkn1beringin.my.id/vendor/laravel/framework/src/Illuminate/Database/Query/Builder.php(3106): Illuminate\\Database\\Connection->select()
#3 /www/wwwroot/sarpras.tiksmkn1beringin.my.id/vendor/laravel/framework/src/Illuminate/Database/Query/Builder.php(3362): Illuminate\\Database\\Query\\Builder->runSelect()
#4 /www/wwwroot/sarpras.tiksmkn1beringin.my.id/vendor/laravel/framework/src/Illuminate/Database/Query/Builder.php(3676): Illuminate\\Database\\Query\\Builder->{closure:Illuminate\\Database\\Query\\Builder::pluck():3360}()
#5 /www/wwwroot/sarpras.tiksmkn1beringin.my.id/vendor/laravel/framework/src/Illuminate/Database/Query/Builder.php(3358): Illuminate\\Database\\Query\\Builder->onceWithColumns()
#6 /www/wwwroot/sarpras.tiksmkn1beringin.my.id/vendor/laravel/framework/src/Illuminate/Database/Eloquent/Builder.php(991): Illuminate\\Database\\Query\\Builder->pluck()
#7 /www/wwwroot/sarpras.tiksmkn1beringin.my.id/app/Http/Controllers/InventarisController.php(81): Illuminate\\Database\\Eloquent\\Builder->pluck()
#8 /www/wwwroot/sarpras.tiksmkn1beringin.my.id/vendor/laravel/framework/src/Illuminate/Routing/ControllerDispatcher.php(47): App\\Http\\Controllers\\InventarisController->index()
#9 /www/wwwroot/sarpras.tiksmkn1beringin.my.id/vendor/laravel/framework/src/Illuminate/Routing/Route.php(266): Illuminate\\Routing\\ControllerDispatcher->dispatch()
#10 /www/wwwroot/sarpras.tiksmkn1beringin.my.id/vendor/laravel/framework/src/Illuminate/Routing/Route.php(212): Illuminate\\Routing\\Route->runController()
#11 /www/wwwroot/sarpras.tiksmkn1beringin.my.id/vendor/laravel/framework/src/Illuminate/Routing/Router.php(808): Illuminate\\Routing\\Route->run()
#12 /www/wwwroot/sarpras.tiksmkn1beringin.my.id/vendor/laravel/framework/src/Illuminate/Pipeline/Pipeline.php(170): Illuminate\\Routing\\Router->{closure:Illuminate\\Routing\\Router::runRouteWithinStack():807}()
#13 /www/wwwroot/sarpras.tiksmkn1beringin.my.id/vendor/laravel/framework/src/Illuminate/Routing/Middleware/SubstituteBindings.php(51): Illuminate\\Pipeline\\Pipeline->{closure:Illuminate\\Pipeline\\Pipeline::prepareDestination():168}()
#14 /www/wwwroot/sarpras.tiksmkn1beringin.my.id/vendor/laravel/framework/src/Illuminate/Pipeline/Pipeline.php(209): Illuminate\\Routing\\Middleware\\SubstituteBindings->handle()
#15 /www/wwwroot/sarpras.tiksmkn1beringin.my.id/vendor/laravel/framework/src/Illuminate/Auth/Middleware/Authenticate.php(64): Illuminate\\Pipeline\\Pipeline->{closure:{closure:Illuminate\\Pipeline\\Pipeline::carry():184}:185}()
#16 /www/wwwroot/sarpras.tiksmkn1beringin.my.id/vendor/laravel/framework/src/Illuminate/Pipeline/Pipeline.php(209): Illuminate\\Auth\\Middleware\\Authenticate->handle()
#17 /www/wwwroot/sarpras.tiksmkn1beringin.my.id/vendor/laravel/framework/src/Illuminate/Foundation/Http/Middleware/VerifyCsrfToken.php(88): Illuminate\\Pipeline\\Pipeline->{closure:{closure:Illuminate\\Pipeline\\Pipeline::carry():184}:185}()
#18 /www/wwwroot/sarpras.tiksmkn1beringin.my.id/vendor/laravel/framework/src/Illuminate/Pipeline/Pipeline.php(209): Illuminate\\Foundation\\Http\\Middleware\\VerifyCsrfToken->handle()
#19 /www/wwwroot/sarpras.tiksmkn1beringin.my.id/vendor/laravel/framework/src/Illuminate/View/Middleware/ShareErrorsFromSession.php(49): Illuminate\\Pipeline\\Pipeline->{closure:{closure:Illuminate\\Pipeline\\Pipeline::carry():184}:185}()
#20 /www/wwwroot/sarpras.tiksmkn1beringin.my.id/vendor/laravel/framework/src/Illuminate/Pipeline/Pipeline.php(209): Illuminate\\View\\Middleware\\ShareErrorsFromSession->handle()
#21 /www/wwwroot/sarpras.tiksmkn1beringin.my.id/vendor/laravel/framework/src/Illuminate/Session/Middleware/StartSession.php(121): Illuminate\\Pipeline\\Pipeline->{closure:{closure:Illuminate\\Pipeline\\Pipeline::carry():184}:185}()
#22 /www/wwwroot/sarpras.tiksmkn1beringin.my.id/vendor/laravel/framework/src/Illuminate/Session/Middleware/StartSession.php(64): Illuminate\\Session\\Middleware\\StartSession->handleStatefulRequest()
#23 /www/wwwroot/sarpras.tiksmkn1beringin.my.id/vendor/laravel/framework/src/Illuminate/Pipeline/Pipeline.php(209): Illuminate\\Session\\Middleware\\StartSession->handle()
#24 /www/wwwroot/sarpras.tiksmkn1beringin.my.id/vendor/laravel/framework/src/Illuminate/Cookie/Middleware/AddQueuedCookiesToResponse.php(37): Illuminate\\Pipeline\\Pipeline->{closure:{closure:Illuminate\\Pipeline\\Pipeline::carry():184}:185}()
#25 /www/wwwroot/sarpras.tiksmkn1beringin.my.id/vendor/laravel/framework/src/Illuminate/Pipeline/Pipeline.php(209): Illuminate\\Cookie\\Middleware\\AddQueuedCookiesToResponse->handle()
#26 /www/wwwroot/sarpras.tiksmkn1beringin.my.id/vendor/laravel/framework/src/Illuminate/Cookie/Middleware/EncryptCookies.php(75): Illuminate\\Pipeline\\Pipeline->{closure:{closure:Illuminate\\Pipeline\\Pipeline::carry():184}:185}()
#27 /www/wwwroot/sarpras.tiksmkn1beringin.my.id/vendor/laravel/framework/src/Illuminate/Pipeline/Pipeline.php(209): Illuminate\\Cookie\\Middleware\\EncryptCookies->handle()
#28 /www/wwwroot/sarpras.tiksmkn1beringin.my.id/vendor/laravel/framework/src/Illuminate/Pipeline/Pipeline.php(127): Illuminate\\Pipeline\\Pipeline->{closure:{closure:Illuminate\\Pipeline\\Pipeline::carry():184}:185}()
#29 /www/wwwroot/sarpras.tiksmkn1beringin.my.id/vendor/laravel/framework/src/Illuminate/Routing/Router.php(807): Illuminate\\Pipeline\\Pipeline->then()
#30 /www/wwwroot/sarpras.tiksmkn1beringin.my.id/vendor/laravel/framework/src/Illuminate/Routing/Router.php(786): Illuminate\\Routing\\Router->runRouteWithinStack()
#31 /www/wwwroot/sarpras.tiksmkn1beringin.my.id/vendor/laravel/framework/src/Illuminate/Routing/Router.php(750): Illuminate\\Routing\\Router->runRoute()
#32 /www/wwwroot/sarpras.tiksmkn1beringin.my.id/vendor/laravel/framework/src/Illuminate/Routing/Router.php(739): Illuminate\\Routing\\Router->dispatchToRoute()
#33 /www/wwwroot/sarpras.tiksmkn1beringin.my.id/vendor/laravel/framework/src/Illuminate/Foundation/Http/Kernel.php(201): Illuminate\\Routing\\Router->dispatch()
#34 /www/wwwroot/sarpras.tiksmkn1beringin.my.id/vendor/laravel/framework/src/Illuminate/Pipeline/Pipeline.php(170): Illuminate\\Foundation\\Http\\Kernel->{closure:Illuminate\\Foundation\\Http\\Kernel::dispatchToRouter():198}()
#35 /www/wwwroot/sarpras.tiksmkn1beringin.my.id/vendor/laravel/framework/src/Illuminate/Foundation/Http/Middleware/TransformsRequest.php(21): Illuminate\\Pipeline\\Pipeline->{closure:Illuminate\\Pipeline\\Pipeline::prepareDestination():168}()
#36 /www/wwwroot/sarpras.tiksmkn1beringin.my.id/vendor/laravel/framework/src/Illuminate/Foundation/Http/Middleware/ConvertEmptyStringsToNull.php(31): Illuminate\\Foundation\\Http\\Middleware\\TransformsRequest->handle()
#37 /www/wwwroot/sarpras.tiksmkn1beringin.my.id/vendor/laravel/framework/src/Illuminate/Pipeline/Pipeline.php(209): Illuminate\\Foundation\\Http\\Middleware\\ConvertEmptyStringsToNull->handle()
#38 /www/wwwroot/sarpras.tiksmkn1beringin.my.id/vendor/laravel/framework/src/Illuminate/Foundation/Http/Middleware/TransformsRequest.php(21): Illuminate\\Pipeline\\Pipeline->{closure:{closure:Illuminate\\Pipeline\\Pipeline::carry():184}:185}()
#39 /www/wwwroot/sarpras.tiksmkn1beringin.my.id/vendor/laravel/framework/src/Illuminate/Foundation/Http/Middleware/TrimStrings.php(51): Illuminate\\Foundation\\Http\\Middleware\\TransformsRequest->handle()
#40 /www/wwwroot/sarpras.tiksmkn1beringin.my.id/vendor/laravel/framework/src/Illuminate/Pipeline/Pipeline.php(209): Illuminate\\Foundation\\Http\\Middleware\\TrimStrings->handle()
#41 /www/wwwroot/sarpras.tiksmkn1beringin.my.id/vendor/laravel/framework/src/Illuminate/Http/Middleware/ValidatePostSize.php(27): Illuminate\\Pipeline\\Pipeline->{closure:{closure:Illuminate\\Pipeline\\Pipeline::carry():184}:185}()
#42 /www/wwwroot/sarpras.tiksmkn1beringin.my.id/vendor/laravel/framework/src/Illuminate/Pipeline/Pipeline.php(209): Illuminate\\Http\\Middleware\\ValidatePostSize->handle()
#43 /www/wwwroot/sarpras.tiksmkn1beringin.my.id/vendor/laravel/framework/src/Illuminate/Foundation/Http/Middleware/PreventRequestsDuringMaintenance.php(110): Illuminate\\Pipeline\\Pipeline->{closure:{closure:Illuminate\\Pipeline\\Pipeline::carry():184}:185}()
#44 /www/wwwroot/sarpras.tiksmkn1beringin.my.id/vendor/laravel/framework/src/Illuminate/Pipeline/Pipeline.php(209): Illuminate\\Foundation\\Http\\Middleware\\PreventRequestsDuringMaintenance->handle()
#45 /www/wwwroot/sarpras.tiksmkn1beringin.my.id/vendor/laravel/framework/src/Illuminate/Http/Middleware/HandleCors.php(49): Illuminate\\Pipeline\\Pipeline->{closure:{closure:Illuminate\\Pipeline\\Pipeline::carry():184}:185}()
#46 /www/wwwroot/sarpras.tiksmkn1beringin.my.id/vendor/laravel/framework/src/Illuminate/Pipeline/Pipeline.php(209): Illuminate\\Http\\Middleware\\HandleCors->handle()
#47 /www/wwwroot/sarpras.tiksmkn1beringin.my.id/vendor/laravel/framework/src/Illuminate/Http/Middleware/TrustProxies.php(58): Illuminate\\Pipeline\\Pipeline->{closure:{closure:Illuminate\\Pipeline\\Pipeline::carry():184}:185}()
#48 /www/wwwroot/sarpras.tiksmkn1beringin.my.id/vendor/laravel/framework/src/Illuminate/Pipeline/Pipeline.php(209): Illuminate\\Http\\Middleware\\TrustProxies->handle()
#49 /www/wwwroot/sarpras.tiksmkn1beringin.my.id/vendor/laravel/framework/src/Illuminate/Foundation/Http/Middleware/InvokeDeferredCallbacks.php(22): Illuminate\\Pipeline\\Pipeline->{closure:{closure:Illuminate\\Pipeline\\Pipeline::carry():184}:185}()
#50 /www/wwwroot/sarpras.tiksmkn1beringin.my.id/vendor/laravel/framework/src/Illuminate/Pipeline/Pipeline.php(209): Illuminate\\Foundation\\Http\\Middleware\\InvokeDeferredCallbacks->handle()
#51 /www/wwwroot/sarpras.tiksmkn1beringin.my.id/vendor/laravel/framework/src/Illuminate/Pipeline/Pipeline.php(127): Illuminate\\Pipeline\\Pipeline->{closure:{closure:Illuminate\\Pipeline\\Pipeline::carry():184}:185}()
#52 /www/wwwroot/sarpras.tiksmkn1beringin.my.id/vendor/laravel/framework/src/Illuminate/Foundation/Http/Kernel.php(176): Illuminate\\Pipeline\\Pipeline->then()
#53 /www/wwwroot/sarpras.tiksmkn1beringin.my.id/vendor/laravel/framework/src/Illuminate/Foundation/Http/Kernel.php(145): Illuminate\\Foundation\\Http\\Kernel->sendRequestThroughRouter()
#54 /www/wwwroot/sarpras.tiksmkn1beringin.my.id/vendor/laravel/framework/src/Illuminate/Foundation/Testing/Concerns/MakesHttpRequests.php(607): Illuminate\\Foundation\\Http\\Kernel->handle()
#55 /www/wwwroot/sarpras.tiksmkn1beringin.my.id/vendor/laravel/framework/src/Illuminate/Foundation/Testing/Concerns/MakesHttpRequests.php(368): Illuminate\\Foundation\\Testing\\TestCase->call()
#56 /www/wwwroot/sarpras.tiksmkn1beringin.my.id/tests/Feature/InventarisTest.php(43): Illuminate\\Foundation\\Testing\\TestCase->get()
#57 /www/wwwroot/sarpras.tiksmkn1beringin.my.id/vendor/phpunit/phpunit/src/Framework/TestCase.php(1548): Tests\\Feature\\InventarisTest->test_regular_user_can_access_inventaris_and_import_features()
#58 /www/wwwroot/sarpras.tiksmkn1beringin.my.id/vendor/phpunit/phpunit/src/Framework/TestCase.php(686): PHPUnit\\Framework\\TestCase->runTest()
#59 /www/wwwroot/sarpras.tiksmkn1beringin.my.id/vendor/phpunit/phpunit/src/Framework/TestRunner.php(106): PHPUnit\\Framework\\TestCase->runBare()
#60 /www/wwwroot/sarpras.tiksmkn1beringin.my.id/vendor/phpunit/phpunit/src/Framework/TestCase.php(516): PHPUnit\\Framework\\TestRunner->run()
#61 /www/wwwroot/sarpras.tiksmkn1beringin.my.id/vendor/phpunit/phpunit/src/Framework/TestSuite.php(374): PHPUnit\\Framework\\TestCase->run()
#62 /www/wwwroot/sarpras.tiksmkn1beringin.my.id/vendor/phpunit/phpunit/src/Framework/TestSuite.php(374): PHPUnit\\Framework\\TestSuite->run()
#63 /www/wwwroot/sarpras.tiksmkn1beringin.my.id/vendor/phpunit/phpunit/src/Framework/TestSuite.php(374): PHPUnit\\Framework\\TestSuite->run()
#64 /www/wwwroot/sarpras.tiksmkn1beringin.my.id/vendor/phpunit/phpunit/src/TextUI/TestRunner.php(64): PHPUnit\\Framework\\TestSuite->run()
#65 /www/wwwroot/sarpras.tiksmkn1beringin.my.id/vendor/phpunit/phpunit/src/TextUI/Application.php(204): PHPUnit\\TextUI\\TestRunner->run()
#66 /www/wwwroot/sarpras.tiksmkn1beringin.my.id/vendor/phpunit/phpunit/phpunit(104): PHPUnit\\TextUI\\Application->run()
#67 {main}

[previous exception] [object] (PDOException(code: HY000): SQLSTATE[HY000]: General error: 1 no such function: YEAR at /www/wwwroot/sarpras.tiksmkn1beringin.my.id/vendor/laravel/framework/src/Illuminate/Database/Connection.php:407)
[stacktrace]
#0 /www/wwwroot/sarpras.tiksmkn1beringin.my.id/vendor/laravel/framework/src/Illuminate/Database/Connection.php(407): PDO->prepare()
#1 /www/wwwroot/sarpras.tiksmkn1beringin.my.id/vendor/laravel/framework/src/Illuminate/Database/Connection.php(812): Illuminate\\Database\\Connection->{closure:Illuminate\\Database\\Connection::select():398}()
#2 /www/wwwroot/sarpras.tiksmkn1beringin.my.id/vendor/laravel/framework/src/Illuminate/Database/Connection.php(779): Illuminate\\Database\\Connection->runQueryCallback()
#3 /www/wwwroot/sarpras.tiksmkn1beringin.my.id/vendor/laravel/framework/src/Illuminate/Database/Connection.php(398): Illuminate\\Database\\Connection->run()
#4 /www/wwwroot/sarpras.tiksmkn1beringin.my.id/vendor/laravel/framework/src/Illuminate/Database/Query/Builder.php(3106): Illuminate\\Database\\Connection->select()
#5 /www/wwwroot/sarpras.tiksmkn1beringin.my.id/vendor/laravel/framework/src/Illuminate/Database/Query/Builder.php(3362): Illuminate\\Database\\Query\\Builder->runSelect()
#6 /www/wwwroot/sarpras.tiksmkn1beringin.my.id/vendor/laravel/framework/src/Illuminate/Database/Query/Builder.php(3676): Illuminate\\Database\\Query\\Builder->{closure:Illuminate\\Database\\Query\\Builder::pluck():3360}()
#7 /www/wwwroot/sarpras.tiksmkn1beringin.my.id/vendor/laravel/framework/src/Illuminate/Database/Query/Builder.php(3358): Illuminate\\Database\\Query\\Builder->onceWithColumns()
#8 /www/wwwroot/sarpras.tiksmkn1beringin.my.id/vendor/laravel/framework/src/Illuminate/Database/Eloquent/Builder.php(991): Illuminate\\Database\\Query\\Builder->pluck()
#9 /www/wwwroot/sarpras.tiksmkn1beringin.my.id/app/Http/Controllers/InventarisController.php(81): Illuminate\\Database\\Eloquent\\Builder->pluck()
#10 /www/wwwroot/sarpras.tiksmkn1beringin.my.id/vendor/laravel/framework/src/Illuminate/Routing/ControllerDispatcher.php(47): App\\Http\\Controllers\\InventarisController->index()
#11 /www/wwwroot/sarpras.tiksmkn1beringin.my.id/vendor/laravel/framework/src/Illuminate/Routing/Route.php(266): Illuminate\\Routing\\ControllerDispatcher->dispatch()
#12 /www/wwwroot/sarpras.tiksmkn1beringin.my.id/vendor/laravel/framework/src/Illuminate/Routing/Route.php(212): Illuminate\\Routing\\Route->runController()
#13 /www/wwwroot/sarpras.tiksmkn1beringin.my.id/vendor/laravel/framework/src/Illuminate/Routing/Router.php(808): Illuminate\\Routing\\Route->run()
#14 /www/wwwroot/sarpras.tiksmkn1beringin.my.id/vendor/laravel/framework/src/Illuminate/Pipeline/Pipeline.php(170): Illuminate\\Routing\\Router->{closure:Illuminate\\Routing\\Router::runRouteWithinStack():807}()
#15 /www/wwwroot/sarpras.tiksmkn1beringin.my.id/vendor/laravel/framework/src/Illuminate/Routing/Middleware/SubstituteBindings.php(51): Illuminate\\Pipeline\\Pipeline->{closure:Illuminate\\Pipeline\\Pipeline::prepareDestination():168}()
#16 /www/wwwroot/sarpras.tiksmkn1beringin.my.id/vendor/laravel/framework/src/Illuminate/Pipeline/Pipeline.php(209): Illuminate\\Routing\\Middleware\\SubstituteBindings->handle()
#17 /www/wwwroot/sarpras.tiksmkn1beringin.my.id/vendor/laravel/framework/src/Illuminate/Auth/Middleware/Authenticate.php(64): Illuminate\\Pipeline\\Pipeline->{closure:{closure:Illuminate\\Pipeline\\Pipeline::carry():184}:185}()
#18 /www/wwwroot/sarpras.tiksmkn1beringin.my.id/vendor/laravel/framework/src/Illuminate/Pipeline/Pipeline.php(209): Illuminate\\Auth\\Middleware\\Authenticate->handle()
#19 /www/wwwroot/sarpras.tiksmkn1beringin.my.id/vendor/laravel/framework/src/Illuminate/Foundation/Http/Middleware/VerifyCsrfToken.php(88): Illuminate\\Pipeline\\Pipeline->{closure:{closure:Illuminate\\Pipeline\\Pipeline::carry():184}:185}()
#20 /www/wwwroot/sarpras.tiksmkn1beringin.my.id/vendor/laravel/framework/src/Illuminate/Pipeline/Pipeline.php(209): Illuminate\\Foundation\\Http\\Middleware\\VerifyCsrfToken->handle()
#21 /www/wwwroot/sarpras.tiksmkn1beringin.my.id/vendor/laravel/framework/src/Illuminate/View/Middleware/ShareErrorsFromSession.php(49): Illuminate\\Pipeline\\Pipeline->{closure:{closure:Illuminate\\Pipeline\\Pipeline::carry():184}:185}()
#22 /www/wwwroot/sarpras.tiksmkn1beringin.my.id/vendor/laravel/framework/src/Illuminate/Pipeline/Pipeline.php(209): Illuminate\\View\\Middleware\\ShareErrorsFromSession->handle()
#23 /www/wwwroot/sarpras.tiksmkn1beringin.my.id/vendor/laravel/framework/src/Illuminate/Session/Middleware/StartSession.php(121): Illuminate\\Pipeline\\Pipeline->{closure:{closure:Illuminate\\Pipeline\\Pipeline::carry():184}:185}()
#24 /www/wwwroot/sarpras.tiksmkn1beringin.my.id/vendor/laravel/framework/src/Illuminate/Session/Middleware/StartSession.php(64): Illuminate\\Session\\Middleware\\StartSession->handleStatefulRequest()
#25 /www/wwwroot/sarpras.tiksmkn1beringin.my.id/vendor/laravel/framework/src/Illuminate/Pipeline/Pipeline.php(209): Illuminate\\Session\\Middleware\\StartSession->handle()
#26 /www/wwwroot/sarpras.tiksmkn1beringin.my.id/vendor/laravel/framework/src/Illuminate/Cookie/Middleware/AddQueuedCookiesToResponse.php(37): Illuminate\\Pipeline\\Pipeline->{closure:{closure:Illuminate\\Pipeline\\Pipeline::carry():184}:185}()
#27 /www/wwwroot/sarpras.tiksmkn1beringin.my.id/vendor/laravel/framework/src/Illuminate/Pipeline/Pipeline.php(209): Illuminate\\Cookie\\Middleware\\AddQueuedCookiesToResponse->handle()
#28 /www/wwwroot/sarpras.tiksmkn1beringin.my.id/vendor/laravel/framework/src/Illuminate/Cookie/Middleware/EncryptCookies.php(75): Illuminate\\Pipeline\\Pipeline->{closure:{closure:Illuminate\\Pipeline\\Pipeline::carry():184}:185}()
#29 /www/wwwroot/sarpras.tiksmkn1beringin.my.id/vendor/laravel/framework/src/Illuminate/Pipeline/Pipeline.php(209): Illuminate\\Cookie\\Middleware\\EncryptCookies->handle()
#30 /www/wwwroot/sarpras.tiksmkn1beringin.my.id/vendor/laravel/framework/src/Illuminate/Pipeline/Pipeline.php(127): Illuminate\\Pipeline\\Pipeline->{closure:{closure:Illuminate\\Pipeline\\Pipeline::carry():184}:185}()
#31 /www/wwwroot/sarpras.tiksmkn1beringin.my.id/vendor/laravel/framework/src/Illuminate/Routing/Router.php(807): Illuminate\\Pipeline\\Pipeline->then()
#32 /www/wwwroot/sarpras.tiksmkn1beringin.my.id/vendor/laravel/framework/src/Illuminate/Routing/Router.php(786): Illuminate\\Routing\\Router->runRouteWithinStack()
#33 /www/wwwroot/sarpras.tiksmkn1beringin.my.id/vendor/laravel/framework/src/Illuminate/Routing/Router.php(750): Illuminate\\Routing\\Router->runRoute()
#34 /www/wwwroot/sarpras.tiksmkn1beringin.my.id/vendor/laravel/framework/src/Illuminate/Routing/Router.php(739): Illuminate\\Routing\\Router->dispatchToRoute()
#35 /www/wwwroot/sarpras.tiksmkn1beringin.my.id/vendor/laravel/framework/src/Illuminate/Foundation/Http/Kernel.php(201): Illuminate\\Routing\\Router->dispatch()
#36 /www/wwwroot/sarpras.tiksmkn1beringin.my.id/vendor/laravel/framework/src/Illuminate/Pipeline/Pipeline.php(170): Illuminate\\Foundation\\Http\\Kernel->{closure:Illuminate\\Foundation\\Http\\Kernel::dispatchToRouter():198}()
#37 /www/wwwroot/sarpras.tiksmkn1beringin.my.id/vendor/laravel/framework/src/Illuminate/Foundation/Http/Middleware/TransformsRequest.php(21): Illuminate\\Pipeline\\Pipeline->{closure:Illuminate\\Pipeline\\Pipeline::prepareDestination():168}()
#38 /www/wwwroot/sarpras.tiksmkn1beringin.my.id/vendor/laravel/framework/src/Illuminate/Foundation/Http/Middleware/ConvertEmptyStringsToNull.php(31): Illuminate\\Foundation\\Http\\Middleware\\TransformsRequest->handle()
#39 /www/wwwroot/sarpras.tiksmkn1beringin.my.id/vendor/laravel/framework/src/Illuminate/Pipeline/Pipeline.php(209): Illuminate\\Foundation\\Http\\Middleware\\ConvertEmptyStringsToNull->handle()
#40 /www/wwwroot/sarpras.tiksmkn1beringin.my.id/vendor/laravel/framework/src/Illuminate/Foundation/Http/Middleware/TransformsRequest.php(21): Illuminate\\Pipeline\\Pipeline->{closure:{closure:Illuminate\\Pipeline\\Pipeline::carry():184}:185}()
#41 /www/wwwroot/sarpras.tiksmkn1beringin.my.id/vendor/laravel/framework/src/Illuminate/Foundation/Http/Middleware/TrimStrings.php(51): Illuminate\\Foundation\\Http\\Middleware\\TransformsRequest->handle()
#42 /www/wwwroot/sarpras.tiksmkn1beringin.my.id/vendor/laravel/framework/src/Illuminate/Pipeline/Pipeline.php(209): Illuminate\\Foundation\\Http\\Middleware\\TrimStrings->handle()
#43 /www/wwwroot/sarpras.tiksmkn1beringin.my.id/vendor/laravel/framework/src/Illuminate/Http/Middleware/ValidatePostSize.php(27): Illuminate\\Pipeline\\Pipeline->{closure:{closure:Illuminate\\Pipeline\\Pipeline::carry():184}:185}()
#44 /www/wwwroot/sarpras.tiksmkn1beringin.my.id/vendor/laravel/framework/src/Illuminate/Pipeline/Pipeline.php(209): Illuminate\\Http\\Middleware\\ValidatePostSize->handle()
#45 /www/wwwroot/sarpras.tiksmkn1beringin.my.id/vendor/laravel/framework/src/Illuminate/Foundation/Http/Middleware/PreventRequestsDuringMaintenance.php(110): Illuminate\\Pipeline\\Pipeline->{closure:{closure:Illuminate\\Pipeline\\Pipeline::carry():184}:185}()
#46 /www/wwwroot/sarpras.tiksmkn1beringin.my.id/vendor/laravel/framework/src/Illuminate/Pipeline/Pipeline.php(209): Illuminate\\Foundation\\Http\\Middleware\\PreventRequestsDuringMaintenance->handle()
#47 /www/wwwroot/sarpras.tiksmkn1beringin.my.id/vendor/laravel/framework/src/Illuminate/Http/Middleware/HandleCors.php(49): Illuminate\\Pipeline\\Pipeline->{closure:{closure:Illuminate\\Pipeline\\Pipeline::carry():184}:185}()
#48 /www/wwwroot/sarpras.tiksmkn1beringin.my.id/vendor/laravel/framework/src/Illuminate/Pipeline/Pipeline.php(209): Illuminate\\Http\\Middleware\\HandleCors->handle()
#49 /www/wwwroot/sarpras.tiksmkn1beringin.my.id/vendor/laravel/framework/src/Illuminate/Http/Middleware/TrustProxies.php(58): Illuminate\\Pipeline\\Pipeline->{closure:{closure:Illuminate\\Pipeline\\Pipeline::carry():184}:185}()
#50 /www/wwwroot/sarpras.tiksmkn1beringin.my.id/vendor/laravel/framework/src/Illuminate/Pipeline/Pipeline.php(209): Illuminate\\Http\\Middleware\\TrustProxies->handle()
#51 /www/wwwroot/sarpras.tiksmkn1beringin.my.id/vendor/laravel/framework/src/Illuminate/Foundation/Http/Middleware/InvokeDeferredCallbacks.php(22): Illuminate\\Pipeline\\Pipeline->{closure:{closure:Illuminate\\Pipeline\\Pipeline::carry():184}:185}()
#52 /www/wwwroot/sarpras.tiksmkn1beringin.my.id/vendor/laravel/framework/src/Illuminate/Pipeline/Pipeline.php(209): Illuminate\\Foundation\\Http\\Middleware\\InvokeDeferredCallbacks->handle()
#53 /www/wwwroot/sarpras.tiksmkn1beringin.my.id/vendor/laravel/framework/src/Illuminate/Pipeline/Pipeline.php(127): Illuminate\\Pipeline\\Pipeline->{closure:{closure:Illuminate\\Pipeline\\Pipeline::carry():184}:185}()
#54 /www/wwwroot/sarpras.tiksmkn1beringin.my.id/vendor/laravel/framework/src/Illuminate/Foundation/Http/Kernel.php(176): Illuminate\\Pipeline\\Pipeline->then()
#55 /www/wwwroot/sarpras.tiksmkn1beringin.my.id/vendor/laravel/framework/src/Illuminate/Foundation/Http/Kernel.php(145): Illuminate\\Foundation\\Http\\Kernel->sendRequestThroughRouter()
#56 /www/wwwroot/sarpras.tiksmkn1beringin.my.id/vendor/laravel/framework/src/Illuminate/Foundation/Testing/Concerns/MakesHttpRequests.php(607): Illuminate\\Foundation\\Http\\Kernel->handle()
#57 /www/wwwroot/sarpras.tiksmkn1beringin.my.id/vendor/laravel/framework/src/Illuminate/Foundation/Testing/Concerns/MakesHttpRequests.php(368): Illuminate\\Foundation\\Testing\\TestCase->call()
#58 /www/wwwroot/sarpras.tiksmkn1beringin.my.id/tests/Feature/InventarisTest.php(43): Illuminate\\Foundation\\Testing\\TestCase->get()
#59 /www/wwwroot/sarpras.tiksmkn1beringin.my.id/vendor/phpunit/phpunit/src/Framework/TestCase.php(1548): Tests\\Feature\\InventarisTest->test_regular_user_can_access_inventaris_and_import_features()
#60 /www/wwwroot/sarpras.tiksmkn1beringin.my.id/vendor/phpunit/phpunit/src/Framework/TestCase.php(686): PHPUnit\\Framework\\TestCase->runTest()
#61 /www/wwwroot/sarpras.tiksmkn1beringin.my.id/vendor/phpunit/phpunit/src/Framework/TestRunner.php(106): PHPUnit\\Framework\\TestCase->runBare()
#62 /www/wwwroot/sarpras.tiksmkn1beringin.my.id/vendor/phpunit/phpunit/src/Framework/TestCase.php(516): PHPUnit\\Framework\\TestRunner->run()
#63 /www/wwwroot/sarpras.tiksmkn1beringin.my.id/vendor/phpunit/phpunit/src/Framework/TestSuite.php(374): PHPUnit\\Framework\\TestCase->run()
#64 /www/wwwroot/sarpras.tiksmkn1beringin.my.id/vendor/phpunit/phpunit/src/Framework/TestSuite.php(374): PHPUnit\\Framework\\TestSuite->run()
#65 /www/wwwroot/sarpras.tiksmkn1beringin.my.id/vendor/phpunit/phpunit/src/Framework/TestSuite.php(374): PHPUnit\\Framework\\TestSuite->run()
#66 /www/wwwroot/sarpras.tiksmkn1beringin.my.id/vendor/phpunit/phpunit/src/TextUI/TestRunner.php(64): PHPUnit\\Framework\\TestSuite->run()
#67 /www/wwwroot/sarpras.tiksmkn1beringin.my.id/vendor/phpunit/phpunit/src/TextUI/Application.php(204): PHPUnit\\TextUI\\TestRunner->run()
#68 /www/wwwroot/sarpras.tiksmkn1beringin.my.id/vendor/phpunit/phpunit/phpunit(104): PHPUnit\\TextUI\\Application->run()
#69 {main}
"} 
